house,aph_id,full_name,electorate,party,profile_page,contact_page,photo_url,email,facebook,twitter,website
representatives,WN6,The Hon Ian Macfarlane MP,"Groom, Queensland",Liberal Party of Australia,http://www.aph.gov.au/Senators_and_Members/Parliamentarian?MPID=WN6,http://www.aph.gov.au/Senators_and_Members/Contact_Senator_or_Member?MPID=WN6,http://parlinfo.aph.gov.au/parlInfo/download/handbook/allmps/WN6/upload_ref_binary/WN6.JPG,Ian.Macfarlane.MP@aph.gov.au,,,http://www.ianmacfarlanemp.com/
representatives,PG6,The Hon Jenny Macklin MP,"Jagajaga, Victoria",Australian Labor Party,http://www.aph.gov.au/Senators_and_Members/Parliamentarian?MPID=PG6,http://www.aph.gov.au/Senators_and_Members/Contact_Senator_or_Member?MPID=PG6,http://parlinfo.aph.gov.au/parlInfo/download/handbook/allmps/PG6/upload_ref_binary/PG6.jpg,,,,http://www.jennymacklin.net.au
representatives,L6P,Hon Alannah MacTiernan MP,"Perth, Western Australia",Australian Labor Party,http://www.aph.gov.au/Senators_and_Members/Parliamentarian?MPID=L6P,http://www.aph.gov.au/Senators_and_Members/Contact_Senator_or_Member?MPID=L6P,http://parlinfo.aph.gov.au/parlInfo/download/handbook/allmps/L6P/upload_ref_binary/L6P.jpg,,https://www.facebook.com/AMacTiernan,https://twitter.com/AlannahMac,http://alannah.walabor.org.au/
representatives,HWP,Ms Nola Marino MP,"Forrest, Western Australia",Liberal Party of Australia,http://www.aph.gov.au/Senators_and_Members/Parliamentarian?MPID=HWP,http://www.aph.gov.au/Senators_and_Members/Contact_Senator_or_Member?MPID=HWP,http://parlinfo.aph.gov.au/parlInfo/download/handbook/allmps/HWP/upload_ref_binary/HWP.jpg,Nola.Marino.MP@aph.gov.au,http://www.facebook.com/nola.marino.mp,http://twitter.com/#!/NolaMarinoMP,http://nolamarino.com.au/
representatives,E07,Mrs Louise Markus MP,"Macquarie, New South Wales",Liberal Party of Australia,http://www.aph.gov.au/Senators_and_Members/Parliamentarian?MPID=E07,http://www.aph.gov.au/Senators_and_Members/Contact_Senator_or_Member?MPID=E07,http://parlinfo.aph.gov.au/parlInfo/download/handbook/allmps/E07/upload_ref_binary/E07.JPG,,http://www.facebook.com/louise.markus.mp,,http://www.louisemarkus.com.au
representatives,HWQ,The Hon Richard Marles MP,"Corio, Victoria",Australian Labor Party,http://www.aph.gov.au/Senators_and_Members/Parliamentarian?MPID=HWQ,http://www.aph.gov.au/Senators_and_Members/Contact_Senator_or_Member?MPID=HWQ,http://parlinfo.aph.gov.au/parlInfo/download/handbook/allmps/HWQ/upload_ref_binary/HWQ.JPG,,https://www.facebook.com/richardmarlesmp,https://twitter.com/RichardMarlesMP,http://www.richardmarles.com.au/
representatives,M2V,Mr Russell Matheson MP,"Macarthur, New South Wales",Liberal Party of Australia,http://www.aph.gov.au/Senators_and_Members/Parliamentarian?MPID=M2V,http://www.aph.gov.au/Senators_and_Members/Contact_Senator_or_Member?MPID=M2V,http://parlinfo.aph.gov.au/parlInfo/download/handbook/allmps/m2v/upload_ref_binary/m2v.jpg,russell.matheson.mp@aph.gov.au,http://www.facebook.com/pages/Russell-Matheson-MP-Federal-Member-for-Macarthur/164320700256328,http://twitter.com/russellmatheson,http://www.russellmatheson.com.au/
representatives,219646,The Hon Michael McCormack MP,"Riverina, New South Wales",The Nationals,http://www.aph.gov.au/Senators_and_Members/Parliamentarian?MPID=219646,http://www.aph.gov.au/Senators_and_Members/Contact_Senator_or_Member?MPID=219646,http://parlinfo.aph.gov.au/parlInfo/download/handbook/allmps/219646/upload_ref_binary/219646.jpg,,http://www.facebook.com/people/Michael-McCormack/100002102184276,http://twitter.com/M_McCormackMP,http://www.michaelmccormack.com.au/
representatives,123674,"Ms Cathy McGowan AO, MP","Indi, Victoria",Independent,http://www.aph.gov.au/Senators_and_Members/Parliamentarian?MPID=123674,http://www.aph.gov.au/Senators_and_Members/Contact_Senator_or_Member?MPID=123674,http://parlinfo.aph.gov.au/parlInfo/download/handbook/allmps/123674/upload_ref_binary/123674.jpg,,https://www.facebook.com/CathyMcgowanForIndi,https://twitter.com/Indigocathy,http://www.cathymcgowan.com.au/
representatives,241589,Mrs Karen McNamara MP,"Dobell, New South Wales",Liberal Party of Australia,http://www.aph.gov.au/Senators_and_Members/Parliamentarian?MPID=241589,http://www.aph.gov.au/Senators_and_Members/Contact_Senator_or_Member?MPID=241589,http://parlinfo.aph.gov.au/parlInfo/download/handbook/allmps/241589/upload_ref_binary/241589.jpg,,https://www.facebook.com/karenmcnamara4dobell,,
representatives,M3E,Mr Rob Mitchell MP,"McEwen, Victoria",Australian Labor Party,http://www.aph.gov.au/Senators_and_Members/Parliamentarian?MPID=M3E,http://www.aph.gov.au/Senators_and_Members/Contact_Senator_or_Member?MPID=M3E,http://parlinfo.aph.gov.au/parlInfo/download/handbook/allmps/m3e/upload_ref_binary/m3e.jpg,,http://www.facebook.com/pages/Rob-Mitchell-MP-Federal-Labor-Member-for-McEwen/113830088678537,http://twitter.com/#!/RobMitchellMP,http://www.robmitchell.com.au/
representatives,E3L,The Hon Scott Morrison MP,"Cook, New South Wales",Liberal Party of Australia,http://www.aph.gov.au/Senators_and_Members/Parliamentarian?MPID=E3L,http://www.aph.gov.au/Senators_and_Members/Contact_Senator_or_Member?MPID=E3L,http://parlinfo.aph.gov.au/parlInfo/download/handbook/allmps/E3L/upload_ref_binary/E3L.JPG,,http://www.facebook.com/pages/Scott-Morrison/101546263223119,http://twitter.com/ScottMorrisonMP,http://www.scottmorrison.com.au/
representatives,HVO,The Hon Shayne Neumann MP,"Blair, Queensland",Australian Labor Party,http://www.aph.gov.au/Senators_and_Members/Parliamentarian?MPID=HVO,http://www.aph.gov.au/Senators_and_Members/Contact_Senator_or_Member?MPID=HVO,http://parlinfo.aph.gov.au/parlInfo/download/handbook/allmps/HVO/upload_ref_binary/HVO.JPG,Shayne.Neumann.MP@aph.gov.au,https://www.facebook.com/shayne.neumann,http://twitter.com/ShayneNeumannMP,http://www.shayneneumann.com.au/
representatives,137174,"Mr Andrew Nikolic AM, CSC, MP","Bass, Tasmania",Liberal Party of Australia,http://www.aph.gov.au/Senators_and_Members/Parliamentarian?MPID=137174,http://www.aph.gov.au/Senators_and_Members/Contact_Senator_or_Member?MPID=137174,http://parlinfo.aph.gov.au/parlInfo/download/handbook/allmps/137174/upload_ref_binary/137174.jpg,,https://www.facebook.com/AndrewNikolic4Bass,https://twitter.com/andrewnikolic,http://andrewnikolic.com/
representatives,00AN3,The Hon Brendan O'Connor MP,"Gorton, Victoria",Australian Labor Party,http://www.aph.gov.au/Senators_and_Members/Parliamentarian?MPID=00AN3,http://www.aph.gov.au/Senators_and_Members/Contact_Senator_or_Member?MPID=00AN3,http://parlinfo.aph.gov.au/parlInfo/download/handbook/allmps/00AN3/upload_ref_binary/00AN3.JPG,Brendan.O'Connor.MP@aph.gov.au,https://www.facebook.com/pages/Brendan-OConnor-MP/287789063686?sk=info,,http://www.brendanoconnor.com.au
representatives,139441,Mr Ken O'Dowd MP,"Flynn, Queensland",The Nationals,http://www.aph.gov.au/Senators_and_Members/Parliamentarian?MPID=139441,http://www.aph.gov.au/Senators_and_Members/Contact_Senator_or_Member?MPID=139441,http://parlinfo.aph.gov.au/parlInfo/download/handbook/allmps/139441/upload_ref_binary/139441.jpg,,,,http://www.kenodowd.com.au/
representatives,LKU,Ms Kelly O'Dwyer MP,"Higgins, Victoria",Liberal Party of Australia,http://www.aph.gov.au/Senators_and_Members/Parliamentarian?MPID=LKU,http://www.aph.gov.au/Senators_and_Members/Contact_Senator_or_Member?MPID=LKU,http://parlinfo.aph.gov.au/parlInfo/download/handbook/allmps/LKU/upload_ref_binary/lku.jpg,,http://www.facebook.com/pages/Kelly-ODwyer/171601117783,http://twitter.com/kellyodwyer,http://kellyodwyer.com.au/
representatives,140590,Ms Clare O'Neil MP,"Hotham, Victoria",Australian Labor Party,http://www.aph.gov.au/Senators_and_Members/Parliamentarian?MPID=140590,http://www.aph.gov.au/Senators_and_Members/Contact_Senator_or_Member?MPID=140590,http://parlinfo.aph.gov.au/parlInfo/download/handbook/allmps/140590/upload_ref_binary/140590.jpg,,https://www.facebook.com/ClareforHotham,https://twitter.com/clare_oneil,
representatives,E09,Ms Julie Owens MP,"Parramatta, New South Wales",Australian Labor Party,http://www.aph.gov.au/Senators_and_Members/Parliamentarian?MPID=E09,http://www.aph.gov.au/Senators_and_Members/Contact_Senator_or_Member?MPID=E09,http://parlinfo.aph.gov.au/parlInfo/download/handbook/allmps/E09/upload_ref_binary/E09.jpg,Julie.Owens.MP@aph.gov.au,http://www.facebook.com/julie.owens.mp,http://twitter.com/JulieOwensMP,http://www.julieowens.com.au/
representatives,LQR,Mr Clive Palmer MP,"Fairfax, Queensland",Palmer United Party,http://www.aph.gov.au/Senators_and_Members/Parliamentarian?MPID=LQR,http://www.aph.gov.au/Senators_and_Members/Contact_Senator_or_Member?MPID=LQR,http://parlinfo.aph.gov.au/parlInfo/download/handbook/allmps/LQR/upload_ref_binary/LQR.jpg,,https://www.facebook.com/pages/Palmer-United-Party/331204223675563?ref=ts&fref=ts,https://twitter.com/CliveFPalmer,
representatives,HWR,The Hon Melissa Parke MP,"Fremantle, Western Australia",Australian Labor Party,http://www.aph.gov.au/Senators_and_Members/Parliamentarian?MPID=HWR,http://www.aph.gov.au/Senators_and_Members/Contact_Senator_or_Member?MPID=HWR,http://parlinfo.aph.gov.au/parlInfo/download/handbook/allmps/HWR/upload_ref_binary/HWR.JPG,,https://www.facebook.com/MelissaParkeMP,,http://www.melissaparke.com.au
representatives,240756,Mr Tony Pasin MP,"Barker, South Australia",Liberal Party of Australia,http://www.aph.gov.au/Senators_and_Members/Parliamentarian?MPID=240756,http://www.aph.gov.au/Senators_and_Members/Contact_Senator_or_Member?MPID=240756,http://parlinfo.aph.gov.au/parlInfo/download/handbook/allmps/240756/upload_ref_binary/240756.jpg,,https://www.facebook.com/pages/Tony-Pasin-Liberal-Candidate-for-Barker/250684105072363,,
representatives,HVP,Mr Graham Perrett MP,"Moreton, Queensland",Australian Labor Party,http://www.aph.gov.au/Senators_and_Members/Parliamentarian?MPID=HVP,http://www.aph.gov.au/Senators_and_Members/Contact_Senator_or_Member?MPID=HVP,http://parlinfo.aph.gov.au/parlInfo/download/handbook/allmps/HVP/upload_ref_binary/HVP.jpg,,http://www.facebook.com/profile.php?id=660999841,http://www.twitter.com/GrahamPerrettMP,http://www.grahamperrettmp.com
representatives,148150,Mr Keith Pitt MP,"Hinkler, Queensland",The Nationals,http://www.aph.gov.au/Senators_and_Members/Parliamentarian?MPID=148150,http://www.aph.gov.au/Senators_and_Members/Contact_Senator_or_Member?MPID=148150,http://parlinfo.aph.gov.au/parlInfo/download/handbook/allmps/148150/upload_ref_binary/148150.jpg,,https://www.facebook.com/KeithPittMP,,http://keithpitt.com.au/
representatives,83M,The Hon Tanya Plibersek MP,"Sydney, New South Wales",Australian Labor Party,http://www.aph.gov.au/Senators_and_Members/Parliamentarian?MPID=83M,http://www.aph.gov.au/Senators_and_Members/Contact_Senator_or_Member?MPID=83M,http://parlinfo.aph.gov.au/parlInfo/download/handbook/allmps/83M/upload_ref_binary/83M.jpg,,,http://twitter.com/tanya_plibersek,http://www.tanyaplibersek.com/
representatives,208884,Hon Christian Porter MP,"Pearce, Western Australia",Liberal Party of Australia,http://www.aph.gov.au/Senators_and_Members/Parliamentarian?MPID=208884,http://www.aph.gov.au/Senators_and_Members/Contact_Senator_or_Member?MPID=208884,http://parlinfo.aph.gov.au/parlInfo/download/handbook/allmps/208884/upload_ref_binary/208884.jpg,,http://www.facebook.com/christianportermp,,http://www.wa.liberal.org.au/representative-intro/1012
representatives,217266,Mrs Jane Prentice MP,"Ryan, Queensland",Liberal Party of Australia,http://www.aph.gov.au/Senators_and_Members/Parliamentarian?MPID=217266,http://www.aph.gov.au/Senators_and_Members/Contact_Senator_or_Member?MPID=217266,http://parlinfo.aph.gov.au/parlInfo/download/handbook/allmps/217266/upload_ref_binary/217266.jpg,jane.prentice.mp@aph.gov.au,https://www.facebook.com/jprenticemp,http://twitter.com/JanePrentice_MP,http://www.janeprentice.com.au/
representatives,249308,Ms Melissa Price MP,"Durack, Western Australia",Liberal Party of Australia,http://www.aph.gov.au/Senators_and_Members/Parliamentarian?MPID=249308,http://www.aph.gov.au/Senators_and_Members/Contact_Senator_or_Member?MPID=249308,http://parlinfo.aph.gov.au/parlInfo/download/handbook/allmps/249308/upload_ref_binary/249308.jpg,,https://www.facebook.com/pages/Melissa-Price-Durack/146533948886081,,
representatives,9V5,The Hon Christopher Pyne MP,"Sturt, South Australia",Liberal Party of Australia,http://www.aph.gov.au/Senators_and_Members/Parliamentarian?MPID=9V5,http://www.aph.gov.au/Senators_and_Members/Contact_Senator_or_Member?MPID=9V5,http://parlinfo.aph.gov.au/parlInfo/download/handbook/allmps/9V5/upload_ref_binary/9V5.JPG,C.Pyne.MP@aph.gov.au,https://www.facebook.com/christopher.pyne,,http://www.pyneonline.com.au/
representatives,HWS,Mr Rowan Ramsey MP,"Grey, South Australia",Liberal Party of Australia,http://www.aph.gov.au/Senators_and_Members/Parliamentarian?MPID=HWS,http://www.aph.gov.au/Senators_and_Members/Contact_Senator_or_Member?MPID=HWS,http://parlinfo.aph.gov.au/parlInfo/download/handbook/allmps/HWS/upload_ref_binary/HWS.jpg,,,,http://www.rowanramsey.com.au/
representatives,PK6,Mr Don Randall MP,"Canning, Western Australia",Liberal Party of Australia,http://www.aph.gov.au/Senators_and_Members/Parliamentarian?MPID=PK6,http://www.aph.gov.au/Senators_and_Members/Contact_Senator_or_Member?MPID=PK6,http://parlinfo.aph.gov.au/parlInfo/download/handbook/allmps/PK6/upload_ref_binary/PK6.JPG,Don.Randall.MP@aph.gov.au,,,http://www.donrandallmp.com/
representatives,83E,The Hon Bernie Ripoll MP,"Oxley, Queensland",Australian Labor Party,http://www.aph.gov.au/Senators_and_Members/Parliamentarian?MPID=83E,http://www.aph.gov.au/Senators_and_Members/Contact_Senator_or_Member?MPID=83E,http://parlinfo.aph.gov.au/parlInfo/download/handbook/allmps/83E/upload_ref_binary/83E.JPG,Bernie.Ripoll.MP@aph.gov.au,http://www.facebook.com/pages/Bernie-Ripoll/47126097966,http://twitter.com/bernieripoll_mp,http://www.bernieripoll.com.au/
representatives,HWA,The Hon Amanda Rishworth MP,"Kingston, South Australia",Australian Labor Party,http://www.aph.gov.au/Senators_and_Members/Parliamentarian?MPID=HWA,http://www.aph.gov.au/Senators_and_Members/Contact_Senator_or_Member?MPID=HWA,http://parlinfo.aph.gov.au/parlInfo/download/handbook/allmps/HWA/upload_ref_binary/HWA.jpg,,http://www.facebook.com/rishworth,http://twitter.com/AmandaRishworth,http://www.rishworth.com.au
representatives,FU4,"The Hon Andrew Robb AO, MP","Goldstein, Victoria",Liberal Party of Australia,http://www.aph.gov.au/Senators_and_Members/Parliamentarian?MPID=FU4,http://www.aph.gov.au/Senators_and_Members/Contact_Senator_or_Member?MPID=FU4,http://parlinfo.aph.gov.au/parlInfo/download/handbook/allmps/FU4/upload_ref_binary/FU4.JPG,Andrew.Robb.MP@aph.gov.au,,http://twitter.com/AndrewRobbMP,http://www.andrewrobb.com.au/
representatives,HWT,The Hon Stuart Robert MP,"Fadden, Queensland",Liberal Party of Australia,http://www.aph.gov.au/Senators_and_Members/Parliamentarian?MPID=HWT,http://www.aph.gov.au/Senators_and_Members/Contact_Senator_or_Member?MPID=HWT,http://parlinfo.aph.gov.au/parlInfo/download/handbook/allmps/HWT/upload_ref_binary/HWT.jpg,,,http://twitter.com/stuartrobertmp,http://www.robert.com.au/
representatives,159771,Ms Michelle Rowland MP,"Greenway, New South Wales",Australian Labor Party,http://www.aph.gov.au/Senators_and_Members/Parliamentarian?MPID=159771,http://www.aph.gov.au/Senators_and_Members/Contact_Senator_or_Member?MPID=159771,http://parlinfo.aph.gov.au/parlInfo/download/handbook/allmps/159771/upload_ref_binary/159771.jpg,michelle.rowland.mp@aph.gov.au,http://www.facebook.com/mrowlandmp,http://twitter.com/MRowlandMP,
representatives,M2X,Mr Wyatt Roy MP,"Longman, Queensland",Liberal Party of Australia,http://www.aph.gov.au/Senators_and_Members/Parliamentarian?MPID=M2X,http://www.aph.gov.au/Senators_and_Members/Contact_Senator_or_Member?MPID=M2X,http://parlinfo.aph.gov.au/parlInfo/download/handbook/allmps/m2x/upload_ref_binary/m2x.jpg,,http://www.facebook.com/wyatt.roy1,http://twitter.com/Wyatt_Roy_MP,http://www.wyattroy.com.au/
representatives,0J4,The Hon Philip Ruddock MP,"Berowra, New South Wales",Liberal Party of Australia,http://www.aph.gov.au/Senators_and_Members/Parliamentarian?MPID=0J4,http://www.aph.gov.au/Senators_and_Members/Contact_Senator_or_Member?MPID=0J4,http://parlinfo.aph.gov.au/parlInfo/download/handbook/allmps/0J4/upload_ref_binary/0J4.jpg,,,,http://www.ruddockmp.com.au/
representatives,249224,Ms Joanne Ryan MP,"Lalor, Victoria",Australian Labor Party,http://www.aph.gov.au/Senators_and_Members/Parliamentarian?MPID=249224,http://www.aph.gov.au/Senators_and_Members/Contact_Senator_or_Member?MPID=249224,http://parlinfo.aph.gov.au/parlInfo/download/handbook/allmps/249224/upload_ref_binary/249224.jpg,,https://www.facebook.com/JoanneRyanLalor,https://twitter.com/JoanneRyanLalor,http://www.joanneryan.com.au/
representatives,YT4,The Hon Bruce Scott MP,"Maranoa, Queensland",The Nationals,http://www.aph.gov.au/Senators_and_Members/Parliamentarian?MPID=YT4,http://www.aph.gov.au/Senators_and_Members/Contact_Senator_or_Member?MPID=YT4,http://parlinfo.aph.gov.au/parlInfo/download/handbook/allmps/YT4/upload_ref_binary/YT4.JPG,Bruce.Scott.MP@aph.gov.au,,,http://www.maranoa.info
representatives,165476,Ms Fiona Scott MP,"Lindsay, New South Wales",Liberal Party of Australia,http://www.aph.gov.au/Senators_and_Members/Parliamentarian?MPID=165476,http://www.aph.gov.au/Senators_and_Members/Contact_Senator_or_Member?MPID=165476,http://parlinfo.aph.gov.au/parlInfo/download/handbook/allmps/165476/upload_ref_binary/165476.jpg,,https://www.facebook.com/liberalforlindsay,,https://www.nsw.liberal.org.au/fiona-scott
representatives,00ATG,The Hon Bill Shorten MP,"Maribyrnong, Victoria",Australian Labor Party,http://www.aph.gov.au/Senators_and_Members/Parliamentarian?MPID=00ATG,http://www.aph.gov.au/Senators_and_Members/Contact_Senator_or_Member?MPID=00ATG,http://parlinfo.aph.gov.au/parlInfo/download/handbook/allmps/00ATG/upload_ref_binary/00ATG.jpg,,http://www.facebook.com/BillShorten,http://twitter.com/billshortenmp,http://www.billshorten.com.au/
representatives,HWE,Mr Luke Simpkins MP,"Cowan, Western Australia",Liberal Party of Australia,http://www.aph.gov.au/Senators_and_Members/Parliamentarian?MPID=HWE,http://www.aph.gov.au/Senators_and_Members/Contact_Senator_or_Member?MPID=HWE,http://parlinfo.aph.gov.au/parlInfo/download/handbook/allmps/HWE/upload_ref_binary/HWE.jpg,,http://www.facebook.com/profile.php?id=1588540248,,http://www.lukesimpkinsmp.com/
representatives,00APG,The Hon Tony Smith MP,"Casey, Victoria",Liberal Party of Australia,http://www.aph.gov.au/Senators_and_Members/Parliamentarian?MPID=00APG,http://www.aph.gov.au/Senators_and_Members/Contact_Senator_or_Member?MPID=00APG,http://parlinfo.aph.gov.au/parlInfo/download/handbook/allmps/00APG/upload_ref_binary/00APG.JPG,Tony.Smith.MP@aph.gov.au,https://www.facebook.com/tonysmithmp,http://twitter.com/TonySmithMP,http://www.tonysmithmp.com/
representatives,IJ4,The Hon Warren Snowdon MP,"Lingiari, Northern Territory",Australian Labor Party,http://www.aph.gov.au/Senators_and_Members/Parliamentarian?MPID=IJ4,http://www.aph.gov.au/Senators_and_Members/Contact_Senator_or_Member?MPID=IJ4,http://parlinfo.aph.gov.au/parlInfo/download/handbook/allmps/IJ4/upload_ref_binary/IJ4.jpg,Warren.Snowdon.MP@aph.gov.au,http://www.facebook.com/snowdonmp,,http://www.warrensnowdon.com
representatives,TK6,Dr Andrew Southcott MP,"Boothby, South Australia",Liberal Party of Australia,http://www.aph.gov.au/Senators_and_Members/Parliamentarian?MPID=TK6,http://www.aph.gov.au/Senators_and_Members/Contact_Senator_or_Member?MPID=TK6,http://parlinfo.aph.gov.au/parlInfo/download/handbook/allmps/TK6/upload_ref_binary/TK6.JPG,Andrew.Southcott.MP@aph.gov.au,http://www.facebook.com/people/Andrew-Southcott/564332755,http://twitter.com/asouthcottmp,http://www.andrewsouthcott.com/
representatives,EM6,The Hon Dr Sharman Stone MP,"Murray, Victoria",Liberal Party of Australia,http://www.aph.gov.au/Senators_and_Members/Parliamentarian?MPID=EM6,http://www.aph.gov.au/Senators_and_Members/Contact_Senator_or_Member?MPID=EM6,http://parlinfo.aph.gov.au/parlInfo/download/handbook/allmps/EM6/upload_ref_binary/EM6.JPG,,http://www.facebook.com/profile.php?id=618520734,http://twitter.com/SharmanStone,http://www.sharmanstone.com/
representatives,241586,Ms Ann Sudmalis MP,"Gilmore, New South Wales",Liberal Party of Australia,http://www.aph.gov.au/Senators_and_Members/Parliamentarian?MPID=241586,http://www.aph.gov.au/Senators_and_Members/Contact_Senator_or_Member?MPID=241586,http://parlinfo.aph.gov.au/parlInfo/download/handbook/allmps/241586/upload_ref_binary/241586.jpg,Ann.Sudmalis.MP@aph.gov.au,https://www.facebook.com/AnnSudmalisMP,https://twitter.com/AnnSudmalisMP,https://www.nsw.liberal.org.au/ann-sudmalis
representatives,242515,Mr Michael Sukkar MP,"Deakin, Victoria",Liberal Party of Australia,http://www.aph.gov.au/Senators_and_Members/Parliamentarian?MPID=242515,http://www.aph.gov.au/Senators_and_Members/Contact_Senator_or_Member?MPID=242515,http://parlinfo.aph.gov.au/parlInfo/download/handbook/allmps/242515/upload_ref_binary/242515.jpg,,https://www.facebook.com/Michael.Sukkar.MP,,http://michaelsukkar.com.au/
representatives,2V5,The Hon Wayne Swan MP,"Lilley, Queensland",Australian Labor Party,http://www.aph.gov.au/Senators_and_Members/Parliamentarian?MPID=2V5,http://www.aph.gov.au/Senators_and_Members/Contact_Senator_or_Member?MPID=2V5,http://parlinfo.aph.gov.au/parlInfo/download/handbook/allmps/2V5/upload_ref_binary/2V5.jpg,,http://www.facebook.com/Wayne.Swan.MP,https://twitter.com/SwannyQLD,http://www.swanmp.org
representatives,231027,Mr Angus Taylor MP,"Hume, New South Wales",Liberal Party of Australia,http://www.aph.gov.au/Senators_and_Members/Parliamentarian?MPID=231027,http://www.aph.gov.au/Senators_and_Members/Contact_Senator_or_Member?MPID=231027,http://parlinfo.aph.gov.au/parlInfo/download/handbook/allmps/231027/upload_ref_binary/231027.jpg,,https://www.facebook.com/Angustaylor4hume,https://twitter.com/angusjtaylor,
representatives,210911,Mr Dan Tehan MP,"Wannon, Victoria",Liberal Party of Australia,http://www.aph.gov.au/Senators_and_Members/Parliamentarian?MPID=210911,http://www.aph.gov.au/Senators_and_Members/Contact_Senator_or_Member?MPID=210911,http://parlinfo.aph.gov.au/parlInfo/download/handbook/allmps/210911/upload_ref_binary/210911.jpg,,https://www.facebook.com/pages/Dan-Tehan-MP/307339209323908,http://twitter.com/DanTehanWannon,http://www.dantehan.com.au/
representatives,182468,Hon Matt Thistlethwaite MP,"Kingsford Smith, New South Wales",Australian Labor Party,http://www.aph.gov.au/Senators_and_Members/Parliamentarian?MPID=182468,http://www.aph.gov.au/Senators_and_Members/Contact_Senator_or_Member?MPID=182468,http://parlinfo.aph.gov.au/parlInfo/download/handbook/allmps/182468/upload_ref_binary/182468.jpg,,https://www.facebook.com/ThistlethwaiteM,https://twitter.com/MThistlethwaite,http://www.mattthistlethwaite.com.au/
representatives,UK6,The Hon Kelvin Thomson MP,"Wills, Victoria",Australian Labor Party,http://www.aph.gov.au/Senators_and_Members/Parliamentarian?MPID=UK6,http://www.aph.gov.au/Senators_and_Members/Contact_Senator_or_Member?MPID=UK6,http://parlinfo.aph.gov.au/parlInfo/download/handbook/allmps/UK6/upload_ref_binary/UK6.jpg,Kelvin.Thomson.MP@aph.gov.au,http://www.facebook.com/profile.php?id=634701493,http://twitter.com/KelvinThomsonMP,http://www.kelvinthomson.com.au/
representatives,GT4,The Hon Warren Truss MP,"Wide Bay, Queensland",The Nationals,http://www.aph.gov.au/Senators_and_Members/Parliamentarian?MPID=GT4,http://www.aph.gov.au/Senators_and_Members/Contact_Senator_or_Member?MPID=GT4,http://parlinfo.aph.gov.au/parlInfo/download/handbook/allmps/GT4/upload_ref_binary/GT4.JPG,,https://www.facebook.com/warrentrussmp,https://twitter.com/warrentrussmp,http://www.warrentruss.com
representatives,M2Y,The Hon Alan Tudge MP,"Aston, Victoria",Liberal Party of Australia,http://www.aph.gov.au/Senators_and_Members/Parliamentarian?MPID=M2Y,http://www.aph.gov.au/Senators_and_Members/Contact_Senator_or_Member?MPID=M2Y,http://parlinfo.aph.gov.au/parlInfo/download/handbook/allmps/m2y/upload_ref_binary/m2y.jpg,,http://www.facebook.com/alantudgemp,http://twitter.com/AlanTudgeMP,http://www.alantudge.com.au/
representatives,885,The Hon Malcolm Turnbull MP,"Wentworth, New South Wales",Liberal Party of Australia,http://www.aph.gov.au/Senators_and_Members/Parliamentarian?MPID=885,http://www.aph.gov.au/Senators_and_Members/Contact_Senator_or_Member?MPID=885,http://parlinfo.aph.gov.au/parlInfo/download/handbook/allmps/885/upload_ref_binary/885.JPG,Malcolm.Turnbull.MP@aph.gov.au,http://www.facebook.com/pages/Malcolm-Turnbull/53772921578,http://twitter.com/TurnbullMalcolm,http://www.malcolmturnbull.com.au/
representatives,00AMT,Ms Maria Vamvakinou MP,"Calwell, Victoria",Australian Labor Party,http://www.aph.gov.au/Senators_and_Members/Parliamentarian?MPID=00AMT,http://www.aph.gov.au/Senators_and_Members/Contact_Senator_or_Member?MPID=00AMT,http://parlinfo.aph.gov.au/parlInfo/download/handbook/allmps/00AMT/upload_ref_binary/00AMT.jpg,Maria.Vamvakinou.MP@aph.gov.au,http://en-gb.facebook.com/people/Maria-Vamvakinou-Mp/100000798112750,http://twitter.com/MariaVamvakinou,http://www.mariavamvakinou.com
representatives,188315,Mr Bert van Manen MP,"Forde, Queensland",Liberal Party of Australia,http://www.aph.gov.au/Senators_and_Members/Parliamentarian?MPID=188315,http://www.aph.gov.au/Senators_and_Members/Contact_Senator_or_Member?MPID=188315,http://parlinfo.aph.gov.au/parlInfo/download/handbook/allmps/188315/upload_ref_binary/188315.jpg,,,http://twitter.com/bertvanmanen/,http://www.bertvanmanen.com.au/
representatives,250077,Mr Nickolas Varvaris MP,"Barton, New South Wales",Liberal Party of Australia,http://www.aph.gov.au/Senators_and_Members/Parliamentarian?MPID=250077,http://www.aph.gov.au/Senators_and_Members/Contact_Senator_or_Member?MPID=250077,http://parlinfo.aph.gov.au/parlInfo/download/handbook/allmps/250077/upload_ref_binary/250077.jpg,,https://www.facebook.com/nickvarvaris4barton,,http://www.nickolasvarvaris.com.au/
representatives,E0D,Mr Ross Vasta MP,"Bonner, Queensland",Liberal Party of Australia,http://www.aph.gov.au/Senators_and_Members/Parliamentarian?MPID=E0D,http://www.aph.gov.au/Senators_and_Members/Contact_Senator_or_Member?MPID=E0D,http://parlinfo.aph.gov.au/parlInfo/download/handbook/allmps/E0D/upload_ref_binary/E0D.JPG,,http://www.facebook.com/pages/Ross-Vasta/299861623376616,,http://www.rossvasta.com.au/
representatives,193430,Mr Tim Watts MP,"Gellibrand, Victoria",Australian Labor Party,http://www.aph.gov.au/Senators_and_Members/Parliamentarian?MPID=193430,http://www.aph.gov.au/Senators_and_Members/Contact_Senator_or_Member?MPID=193430,http://parlinfo.aph.gov.au/parlInfo/download/handbook/allmps/193430/upload_ref_binary/193430.jpg,,https://www.facebook.com/TimWattsGellibrand,https://twitter.com/TimWattsMP,http://www.timwatts.net.au/
representatives,207800,Mr Brett Whiteley MP,"Braddon, Tasmania",Liberal Party of Australia,http://www.aph.gov.au/Senators_and_Members/Parliamentarian?MPID=207800,http://www.aph.gov.au/Senators_and_Members/Contact_Senator_or_Member?MPID=207800,http://parlinfo.aph.gov.au/parlInfo/download/handbook/allmps/207800/upload_ref_binary/207800.jpg,,https://www.facebook.com/brettwhiteley.braddon,https://twitter.com/brettwhiteleymp,
representatives,241590,Mrs Lucy Wicks MP,"Robertson, New South Wales",Liberal Party of Australia,http://www.aph.gov.au/Senators_and_Members/Parliamentarian?MPID=241590,http://www.aph.gov.au/Senators_and_Members/Contact_Senator_or_Member?MPID=241590,http://parlinfo.aph.gov.au/parlInfo/download/handbook/allmps/241590/upload_ref_binary/241590.jpg,,https://www.facebook.com/LucyWicksMP,https://twitter.com/LucyWicksMP,http://www.lucywicks.com.au
representatives,C2T,Mr Andrew Wilkie MP,"Denison, Tasmania",Independent,http://www.aph.gov.au/Senators_and_Members/Parliamentarian?MPID=C2T,http://www.aph.gov.au/Senators_and_Members/Contact_Senator_or_Member?MPID=C2T,http://parlinfo.aph.gov.au/parlInfo/download/handbook/allmps/c2t/upload_ref_binary/c2t.jpg,,http://www.facebook.com/andrewwilkiemp,http://twitter.com/WilkieMP,http://www.andrewwilkie.org/content/index.php/aw/home/
representatives,249758,Mr Matt Williams MP,"Hindmarsh, South Australia",Liberal Party of Australia,http://www.aph.gov.au/Senators_and_Members/Parliamentarian?MPID=249758,http://www.aph.gov.au/Senators_and_Members/Contact_Senator_or_Member?MPID=249758,http://parlinfo.aph.gov.au/parlInfo/download/handbook/allmps/249758/upload_ref_binary/249758.jpg,,https://www.facebook.com/matt.williamsmp,,
representatives,198084,Mr Rick Wilson MP,"O'Connor, Western Australia",Liberal Party of Australia,http://www.aph.gov.au/Senators_and_Members/Parliamentarian?MPID=198084,http://www.aph.gov.au/Senators_and_Members/Contact_Senator_or_Member?MPID=198084,http://parlinfo.aph.gov.au/parlInfo/download/handbook/allmps/198084/upload_ref_binary/198084.jpg,,https://www.facebook.com/RickWilsonMP,https://twitter.com/RickWilsonMP,http://www.wa.liberal.org.au/representative-intro/798
representatives,E0F,Mr Jason Wood MP,"La Trobe, Victoria",Liberal Party of Australia,http://www.aph.gov.au/Senators_and_Members/Parliamentarian?MPID=E0F,http://www.aph.gov.au/Senators_and_Members/Contact_Senator_or_Member?MPID=E0F,http://parlinfo.aph.gov.au/parlInfo/download/handbook/allmps/E0F/upload_ref_binary/E0F.JPG,,https://www.facebook.com/JasonWood.updates,https://twitter.com/JasonWood_MP,http://www.JasonWood.com.au
representatives,M3A,"Mr Ken Wyatt AM, MP","Hasluck, Western Australia",Liberal Party of Australia,http://www.aph.gov.au/Senators_and_Members/Parliamentarian?MPID=M3A,http://www.aph.gov.au/Senators_and_Members/Contact_Senator_or_Member?MPID=M3A,http://parlinfo.aph.gov.au/parlInfo/download/handbook/allmps/m3a/upload_ref_binary/m3a.jpg,,,http://twitter.com/KenWyattMP,http://www.kenwyatt.com.au/
representatives,HWB,Mr Tony Zappia MP,"Makin, South Australia",Australian Labor Party,http://www.aph.gov.au/Senators_and_Members/Parliamentarian?MPID=HWB,http://www.aph.gov.au/Senators_and_Members/Contact_Senator_or_Member?MPID=HWB,http://parlinfo.aph.gov.au/parlInfo/download/handbook/allmps/HWB/upload_ref_binary/HWB.JPG,Tony.Zappia.MP@aph.gov.au,,,
senate,N26,Senator the Hon Eric Abetz,Tasmania,Liberal Party of Australia,http://www.aph.gov.au/Senators_and_Members/Parliamentarian?MPID=N26,http://www.aph.gov.au/Senators_and_Members/Contact_Senator_or_Member?MPID=N26,http://parlinfo.aph.gov.au/parlInfo/download/handbook/allmps/N26/upload_ref_binary/N26.jpg,,http://www.facebook.com/SenatorAbetz,http://twitter.com/SenatorAbetz,http://abetz.com.au/
senate,J7Q,Senator Chris Back,Western Australia,Liberal Party of Australia,http://www.aph.gov.au/Senators_and_Members/Parliamentarian?MPID=J7Q,http://www.aph.gov.au/Senators_and_Members/Contact_Senator_or_Member?MPID=J7Q,http://parlinfo.aph.gov.au/parlInfo/download/handbook/allmps/j7q/upload_ref_binary/J7Q.JPG,,,,
senate,G0D,Senator Cory Bernardi,South Australia,Liberal Party of Australia,http://www.aph.gov.au/Senators_and_Members/Parliamentarian?MPID=G0D,http://www.aph.gov.au/Senators_and_Members/Contact_Senator_or_Member?MPID=G0D,http://parlinfo.aph.gov.au/parlInfo/download/handbook/allmps/G0D/upload_ref_binary/G0D.JPG,,,,http://www.senatorbernardi.com/
senate,HZB,Senator Catryna Bilyk,Tasmania,Australian Labor Party,http://www.aph.gov.au/Senators_and_Members/Parliamentarian?MPID=HZB,http://www.aph.gov.au/Senators_and_Members/Contact_Senator_or_Member?MPID=HZB,http://parlinfo.aph.gov.au/parlInfo/download/handbook/allmps/HZB/upload_ref_binary/HZB.JPG,,,,http://www.catrynabilyk.com
senate,H6X,Senator the Hon Simon Birmingham,South Australia,Liberal Party of Australia,http://www.aph.gov.au/Senators_and_Members/Parliamentarian?MPID=H6X,http://www.aph.gov.au/Senators_and_Members/Contact_Senator_or_Member?MPID=H6X,http://parlinfo.aph.gov.au/parlInfo/download/handbook/allmps/H6X/upload_ref_binary/H6X.jpg,,https://facebook.com/simonbirmingham,https://twitter.com/Birmo,http://www.senatorbirmingham.com.au/
senate,2L6,Senator Mark Bishop,Western Australia,Australian Labor Party,http://www.aph.gov.au/Senators_and_Members/Parliamentarian?MPID=2L6,http://www.aph.gov.au/Senators_and_Members/Contact_Senator_or_Member?MPID=2L6,http://parlinfo.aph.gov.au/parlInfo/download/handbook/allmps/2L6/upload_ref_binary/2L6.jpg,senator.bishop@aph.gov.au,,,http://www.senatormarkbishop.com.au
senate,YE4,Senator the Hon Ronald Boswell,Queensland,The Nationals,http://www.aph.gov.au/Senators_and_Members/Parliamentarian?MPID=YE4,http://www.aph.gov.au/Senators_and_Members/Contact_Senator_or_Member?MPID=YE4,http://parlinfo.aph.gov.au/parlInfo/download/handbook/allmps/YE4/upload_ref_binary/YE4.JPG,senator.boswell@aph.gov.au,,,http://www.ronboswell.com/
senate,H6V,Senator Sue Boyce,Queensland,Liberal Party of Australia,http://www.aph.gov.au/Senators_and_Members/Parliamentarian?MPID=H6V,http://www.aph.gov.au/Senators_and_Members/Contact_Senator_or_Member?MPID=H6V,http://parlinfo.aph.gov.au/parlInfo/download/handbook/allmps/H6V/upload_ref_binary/H6V.jpg,,,,http://www.sueboyce.com.au/
senate,008W7,Senator the Hon George Brandis QC,Queensland,Liberal Party of Australia,http://www.aph.gov.au/Senators_and_Members/Parliamentarian?MPID=008W7,http://www.aph.gov.au/Senators_and_Members/Contact_Senator_or_Member?MPID=008W7,http://parlinfo.aph.gov.au/parlInfo/download/handbook/allmps/008W7/upload_ref_binary/008W7.jpg,senator.brandis@aph.gov.au,,,
senate,F49,Senator Carol Brown,Tasmania,Australian Labor Party,http://www.aph.gov.au/Senators_and_Members/Parliamentarian?MPID=F49,http://www.aph.gov.au/Senators_and_Members/Contact_Senator_or_Member?MPID=F49,http://parlinfo.aph.gov.au/parlInfo/download/handbook/allmps/F49/upload_ref_binary/F49.JPG,senator.carol.brown@aph.gov.au,,,http://carolbrown.alp.org.au/
senate,HLL,Senator David Bushby,Tasmania,Liberal Party of Australia,http://www.aph.gov.au/Senators_and_Members/Parliamentarian?MPID=HLL,http://www.aph.gov.au/Senators_and_Members/Contact_Senator_or_Member?MPID=HLL,http://parlinfo.aph.gov.au/parlInfo/download/handbook/allmps/HLL/upload_ref_binary/HLL.jpg,,,,http://www.davidbushby.com.au/
senate,AI6,Senator the Hon Doug Cameron,New South Wales,Australian Labor Party,http://www.aph.gov.au/Senators_and_Members/Parliamentarian?MPID=AI6,http://www.aph.gov.au/Senators_and_Members/Contact_Senator_or_Member?MPID=AI6,http://parlinfo.aph.gov.au/parlInfo/download/handbook/allmps/AI6/upload_ref_binary/AI6.JPG,,,,
senate,AW5,Senator the Hon Kim Carr,Victoria,Australian Labor Party,http://www.aph.gov.au/Senators_and_Members/Parliamentarian?MPID=AW5,http://www.aph.gov.au/Senators_and_Members/Contact_Senator_or_Member?MPID=AW5,http://parlinfo.aph.gov.au/parlInfo/download/handbook/allmps/AW5/upload_ref_binary/AW5.JPG,senator.carr@aph.gov.au,,,
senate,I0M,Senator the Hon Michaelia Cash,Western Australia,Liberal Party of Australia,http://www.aph.gov.au/Senators_and_Members/Parliamentarian?MPID=I0M,http://www.aph.gov.au/Senators_and_Members/Contact_Senator_or_Member?MPID=I0M,http://parlinfo.aph.gov.au/parlInfo/download/handbook/allmps/I0M/upload_ref_binary/I0M.JPG,,,,
senate,00AOL,Senator the Hon Richard Colbeck,Tasmania,Liberal Party of Australia,http://www.aph.gov.au/Senators_and_Members/Parliamentarian?MPID=00AOL,http://www.aph.gov.au/Senators_and_Members/Contact_Senator_or_Member?MPID=00AOL,http://parlinfo.aph.gov.au/parlInfo/download/handbook/allmps/00AOL/upload_ref_binary/00AOL.JPG,senator.colbeck@aph.gov.au,,,
senate,GB6,Senator the Hon Jacinta Collins,Victoria,Australian Labor Party,http://www.aph.gov.au/Senators_and_Members/Parliamentarian?MPID=GB6,http://www.aph.gov.au/Senators_and_Members/Contact_Senator_or_Member?MPID=GB6,http://parlinfo.aph.gov.au/parlInfo/download/handbook/allmps/GB6/upload_ref_binary/GB6.JPG,,,,
senate,3L6,Senator the Hon Stephen Conroy,Victoria,Australian Labor Party,http://www.aph.gov.au/Senators_and_Members/Parliamentarian?MPID=3L6,http://www.aph.gov.au/Senators_and_Members/Contact_Senator_or_Member?MPID=3L6,http://parlinfo.aph.gov.au/parlInfo/download/handbook/allmps/3L6/upload_ref_binary/3L6.jpg,senator.conroy@aph.gov.au,,,
senate,HDA,Senator the Hon Mathias Cormann,Western Australia,Liberal Party of Australia,http://www.aph.gov.au/Senators_and_Members/Parliamentarian?MPID=HDA,http://www.aph.gov.au/Senators_and_Members/Contact_Senator_or_Member?MPID=HDA,http://parlinfo.aph.gov.au/parlInfo/download/handbook/allmps/HDA/upload_ref_binary/HDA.JPG,,,,http://www.mathiascormann.com.au
senate,225099,Senator Sam Dastyari,New South Wales,Australian Labor Party,http://www.aph.gov.au/Senators_and_Members/Parliamentarian?MPID=225099,http://www.aph.gov.au/Senators_and_Members/Contact_Senator_or_Member?MPID=225099,http://parlinfo.aph.gov.au/parlInfo/download/handbook/allmps/225099/upload_ref_binary/225099.jpg,,,,
senate,53369,Senator Richard Di Natale,Victoria,Australian Greens,http://www.aph.gov.au/Senators_and_Members/Parliamentarian?MPID=53369,http://www.aph.gov.au/Senators_and_Members/Contact_Senator_or_Member?MPID=53369,http://parlinfo.aph.gov.au/parlInfo/download/handbook/allmps/53369/upload_ref_binary/53369.jpg,senator.dinatale@aph.gov.au,http://www.facebook.com/SenatorDiNatale,http://www.twitter.com/RichardDiNatale,
senate,225307,Senator Sean Edwards,South Australia,Liberal Party of Australia,http://www.aph.gov.au/Senators_and_Members/Parliamentarian?MPID=225307,http://www.aph.gov.au/Senators_and_Members/Contact_Senator_or_Member?MPID=225307,http://parlinfo.aph.gov.au/parlInfo/download/handbook/allmps/225307/upload_ref_binary/225307.jpg,senator.edwards@aph.gov.au,https://www.facebook.com/Sean.Edwards.Clare,https://twitter.com/SeanC_Edwards,http://www.senatoredwards.com.au/Home.aspx
senate,4L6,Senator Alan Eggleston,Western Australia,Liberal Party of Australia,http://www.aph.gov.au/Senators_and_Members/Parliamentarian?MPID=4L6,http://www.aph.gov.au/Senators_and_Members/Contact_Senator_or_Member?MPID=4L6,http://parlinfo.aph.gov.au/parlInfo/download/handbook/allmps/4L6/upload_ref_binary/4L6.JPG,senator.eggleston@aph.gov.au,,,http://www.senatoralaneggleston.com/
senate,I0N,Senator the Hon Don Farrell,South Australia,Australian Labor Party,http://www.aph.gov.au/Senators_and_Members/Parliamentarian?MPID=I0N,http://www.aph.gov.au/Senators_and_Members/Contact_Senator_or_Member?MPID=I0N,http://parlinfo.aph.gov.au/parlInfo/download/handbook/allmps/I0N/upload_ref_binary/I0N.JPG,,,,
senate,5K4,Senator the Hon John Faulkner,New South Wales,Australian Labor Party,http://www.aph.gov.au/Senators_and_Members/Parliamentarian?MPID=5K4,http://www.aph.gov.au/Senators_and_Members/Contact_Senator_or_Member?MPID=5K4,http://parlinfo.aph.gov.au/parlInfo/download/handbook/allmps/5K4/upload_ref_binary/5K4.jpg,senator.faulkner@aph.gov.au,,,http://www.senatorjohnfaulkner.com.au
senate,DYU,Senator David Fawcett,South Australia,Liberal Party of Australia,http://www.aph.gov.au/Senators_and_Members/Parliamentarian?MPID=DYU,http://www.aph.gov.au/Senators_and_Members/Contact_Senator_or_Member?MPID=DYU,http://parlinfo.aph.gov.au/parlInfo/download/handbook/allmps/DYU/upload_ref_binary/DYU.jpg,senator.fawcett@aph.gov.au,,,http://www.senator.fawcett.net.au
senate,e4t,Senator the Hon Concetta Fierravanti-Wells,New South Wales,Liberal Party of Australia,http://www.aph.gov.au/Senators_and_Members/Parliamentarian?MPID=e4t,http://www.aph.gov.au/Senators_and_Members/Contact_Senator_or_Member?MPID=e4t,http://parlinfo.aph.gov.au/parlInfo/download/handbook/allmps/E4T/upload_ref_binary/E4T.JPG,senator.fierravanti-wells@aph.gov.au,,,http://www.senatorcfw.com.au/
senate,D2I,Senator the Hon Mitch Fifield,Victoria,Liberal Party of Australia,http://www.aph.gov.au/Senators_and_Members/Parliamentarian?MPID=D2I,http://www.aph.gov.au/Senators_and_Members/Contact_Senator_or_Member?MPID=D2I,http://parlinfo.aph.gov.au/parlInfo/download/handbook/allmps/D2I/upload_ref_binary/D2I.JPG,,,,http://www.mitchfifield.com/
senate,I0P,Senator Mark Furner,Queensland,Australian Labor Party,http://www.aph.gov.au/Senators_and_Members/Parliamentarian?MPID=I0P,http://www.aph.gov.au/Senators_and_Members/Contact_Senator_or_Member?MPID=I0P,http://parlinfo.aph.gov.au/parlInfo/download/handbook/allmps/I0P/upload_ref_binary/I0P.JPG,,,,http://www.markfurner.com/
senate,204953,Senator Alex Gallacher,South Australia,Australian Labor Party,http://www.aph.gov.au/Senators_and_Members/Parliamentarian?MPID=204953,http://www.aph.gov.au/Senators_and_Members/Contact_Senator_or_Member?MPID=204953,http://parlinfo.aph.gov.au/parlInfo/download/handbook/allmps/204953/upload_ref_binary/204953.jpg,senator.gallacher@aph.gov.au,,,
senate,I0U,Senator Sarah Hanson-Young,South Australia,Australian Greens,http://www.aph.gov.au/Senators_and_Members/Parliamentarian?MPID=I0U,http://www.aph.gov.au/Senators_and_Members/Contact_Senator_or_Member?MPID=I0U,http://parlinfo.aph.gov.au/parlInfo/download/handbook/allmps/I0U/upload_ref_binary/I0U.JPG,senator.hanson-young@aph.gov.au,,,
senate,C16,Senator the Hon Bill Heffernan,New South Wales,Liberal Party of Australia,http://www.aph.gov.au/Senators_and_Members/Parliamentarian?MPID=C16,http://www.aph.gov.au/Senators_and_Members/Contact_Senator_or_Member?MPID=C16,http://parlinfo.aph.gov.au/parlInfo/download/handbook/allmps/C16/upload_ref_binary/C16.JPG,,,,http://www.billheffernan.com.au/
senate,7L6,Senator the Hon John Hogg,Queensland,Australian Labor Party,http://www.aph.gov.au/Senators_and_Members/Parliamentarian?MPID=7L6,http://www.aph.gov.au/Senators_and_Members/Contact_Senator_or_Member?MPID=7L6,http://parlinfo.aph.gov.au/parlInfo/download/handbook/allmps/7L6/upload_ref_binary/7L6.JPG,senator.hogg@aph.gov.au,,,
senate,00AON,Senator the Hon David Johnston,Western Australia,Liberal Party of Australia,http://www.aph.gov.au/Senators_and_Members/Parliamentarian?MPID=00AON,http://www.aph.gov.au/Senators_and_Members/Contact_Senator_or_Member?MPID=00AON,http://parlinfo.aph.gov.au/parlInfo/download/handbook/allmps/00AON/upload_ref_binary/00AON.JPG,,,,
senate,G1N,Senator Helen Kroger,Victoria,Liberal Party of Australia,http://www.aph.gov.au/Senators_and_Members/Parliamentarian?MPID=G1N,http://www.aph.gov.au/Senators_and_Members/Contact_Senator_or_Member?MPID=G1N,http://parlinfo.aph.gov.au/parlInfo/download/handbook/allmps/G1N/upload_ref_binary/G1N.JPG,,,,
senate,112096,Senator Sue Lines,Western Australia,Australian Labor Party,http://www.aph.gov.au/Senators_and_Members/Parliamentarian?MPID=112096,http://www.aph.gov.au/Senators_and_Members/Contact_Senator_or_Member?MPID=112096,http://parlinfo.aph.gov.au/parlInfo/download/handbook/allmps/112096/upload_ref_binary/112096.jpg,,,,
senate,I07,Senator Scott Ludlam,Western Australia,Australian Greens,http://www.aph.gov.au/Senators_and_Members/Parliamentarian?MPID=I07,http://www.aph.gov.au/Senators_and_Members/Contact_Senator_or_Member?MPID=I07,http://parlinfo.aph.gov.au/parlInfo/download/handbook/allmps/I07/upload_ref_binary/I07.JPG,senator.ludlam@aph.gov.au,,,
senate,84N,Senator the Hon Joe Ludwig,Queensland,Australian Labor Party,http://www.aph.gov.au/Senators_and_Members/Parliamentarian?MPID=84N,http://www.aph.gov.au/Senators_and_Members/Contact_Senator_or_Member?MPID=84N,http://parlinfo.aph.gov.au/parlInfo/download/handbook/allmps/84N/upload_ref_binary/84N.jpg,,,,
senate,7G6,Senator the Hon Kate Lundy,Australian Capital Territory,Australian Labor Party,http://www.aph.gov.au/Senators_and_Members/Parliamentarian?MPID=7G6,http://www.aph.gov.au/Senators_and_Members/Contact_Senator_or_Member?MPID=7G6,http://parlinfo.aph.gov.au/parlInfo/download/handbook/allmps/7G6/upload_ref_binary/7G6.JPG,senator.lundy@aph.gov.au,,,http://www.katelundy.com.au/
senate,YW4,Senator the Hon Ian Macdonald,Queensland,Liberal Party of Australia,http://www.aph.gov.au/Senators_and_Members/Parliamentarian?MPID=YW4,http://www.aph.gov.au/Senators_and_Members/Contact_Senator_or_Member?MPID=YW4,http://parlinfo.aph.gov.au/parlInfo/download/handbook/allmps/YW4/upload_ref_binary/YW4.JPG,,,,http://www.senatormacdonald.org/
senate,217571,Senator John Madigan,Victoria,Democratic Labour Party,http://www.aph.gov.au/Senators_and_Members/Parliamentarian?MPID=217571,http://www.aph.gov.au/Senators_and_Members/Contact_Senator_or_Member?MPID=217571,http://parlinfo.aph.gov.au/parlInfo/download/handbook/allmps/217571/upload_ref_binary/217571.jpg,senator.madigan@aph.gov.au,,,
senate,00AOP,Senator Gavin Marshall,Victoria,Australian Labor Party,http://www.aph.gov.au/Senators_and_Members/Parliamentarian?MPID=00AOP,http://www.aph.gov.au/Senators_and_Members/Contact_Senator_or_Member?MPID=00AOP,http://parlinfo.aph.gov.au/parlInfo/download/handbook/allmps/00AOP/upload_ref_binary/00AOP.jpg,senator.marshall@aph.gov.au,,,http://www.gavinmarshall.org/
senate,84M,Senator the Hon Brett Mason,Queensland,Liberal Party of Australia,http://www.aph.gov.au/Senators_and_Members/Parliamentarian?MPID=84M,http://www.aph.gov.au/Senators_and_Members/Contact_Senator_or_Member?MPID=84M,http://parlinfo.aph.gov.au/parlInfo/download/handbook/allmps/84M/upload_ref_binary/84M.JPG,senator.mason@aph.gov.au,,,
senate,e5e,Senator Anne McEwen,South Australia,Australian Labor Party,http://www.aph.gov.au/Senators_and_Members/Parliamentarian?MPID=e5e,http://www.aph.gov.au/Senators_and_Members/Contact_Senator_or_Member?MPID=e5e,http://parlinfo.aph.gov.au/parlInfo/download/handbook/allmps/E5E/upload_ref_binary/E5E.JPG,senator.mcewen@aph.gov.au,,,
senate,207825,Senator Bridget McKenzie,Victoria,The Nationals,http://www.aph.gov.au/Senators_and_Members/Parliamentarian?MPID=207825,http://www.aph.gov.au/Senators_and_Members/Contact_Senator_or_Member?MPID=207825,http://parlinfo.aph.gov.au/parlInfo/download/handbook/allmps/207825/upload_ref_binary/207825.jpg,senator.mckenzie@aph.gov.au,,,
senate,84L,Senator the Hon Jan McLucas,Queensland,Australian Labor Party,http://www.aph.gov.au/Senators_and_Members/Parliamentarian?MPID=84L,http://www.aph.gov.au/Senators_and_Members/Contact_Senator_or_Member?MPID=84L,http://parlinfo.aph.gov.au/parlInfo/download/handbook/allmps/84L/upload_ref_binary/84L.JPG,senator.mclucas@aph.gov.au,,,http://www.janmclucas.net/
senate,ka5,Senator Christine Milne,Tasmania,Australian Greens,http://www.aph.gov.au/Senators_and_Members/Parliamentarian?MPID=ka5,http://www.aph.gov.au/Senators_and_Members/Contact_Senator_or_Member?MPID=ka5,http://parlinfo.aph.gov.au/parlInfo/download/handbook/allmps/KA5/upload_ref_binary/KA5.JPG,senator.milne@aph.gov.au,,,http://www.christinemilne.org.au/
senate,00AOQ,Senator Claire Moore,Queensland,Australian Labor Party,http://www.aph.gov.au/Senators_and_Members/Parliamentarian?MPID=00AOQ,http://www.aph.gov.au/Senators_and_Members/Contact_Senator_or_Member?MPID=00AOQ,http://parlinfo.aph.gov.au/parlInfo/download/handbook/allmps/00AOQ/upload_ref_binary/00AOQ.JPG,,,,http://www.clairemoore.net/
senate,e5g,Senator the Hon Fiona Nash,New South Wales,The Nationals,http://www.aph.gov.au/Senators_and_Members/Parliamentarian?MPID=e5g,http://www.aph.gov.au/Senators_and_Members/Contact_Senator_or_Member?MPID=e5g,http://parlinfo.aph.gov.au/parlInfo/download/handbook/allmps/E5G/upload_ref_binary/E5G.JPG,,,,http://www.fionanash.com.au/
senate,140651,Senator Deborah O'Neill,New South Wales,Australian Labor Party,http://www.aph.gov.au/Senators_and_Members/Parliamentarian?MPID=140651,http://www.aph.gov.au/Senators_and_Members/Contact_Senator_or_Member?MPID=140651,http://parlinfo.aph.gov.au/parlInfo/download/handbook/allmps/140651/upload_ref_binary/140651.jpg,,,,
senate,247871,Senator Barry O'Sullivan,Queensland,The Nationals,http://www.aph.gov.au/Senators_and_Members/Parliamentarian?MPID=247871,http://www.aph.gov.au/Senators_and_Members/Contact_Senator_or_Member?MPID=247871,http://parlinfo.aph.gov.au/parlInfo/download/handbook/allmps/247871/upload_ref_binary/247871.jpg,,,,
senate,e5v,Senator Stephen Parry,Tasmania,Liberal Party of Australia,http://www.aph.gov.au/Senators_and_Members/Parliamentarian?MPID=e5v,http://www.aph.gov.au/Senators_and_Members/Contact_Senator_or_Member?MPID=e5v,http://parlinfo.aph.gov.au/parlInfo/download/handbook/allmps/E5V/upload_ref_binary/E5V.JPG,,,,http://www.stephenparry.com.au
senate,M56,Senator the Hon Marise Payne,New South Wales,Liberal Party of Australia,http://www.aph.gov.au/Senators_and_Members/Parliamentarian?MPID=M56,http://www.aph.gov.au/Senators_and_Members/Contact_Senator_or_Member?MPID=M56,http://parlinfo.aph.gov.au/parlInfo/download/handbook/allmps/M56/upload_ref_binary/M56.JPG,minister@humanservices.gov.au,,,http://www.marisepayne.com/
senate,CDK,Senator Nova Peris OAM,Northern Territory,Australian Labor Party,http://www.aph.gov.au/Senators_and_Members/Parliamentarian?MPID=CDK,http://www.aph.gov.au/Senators_and_Members/Contact_Senator_or_Member?MPID=CDK,http://parlinfo.aph.gov.au/parlInfo/download/handbook/allmps/CDK/upload_ref_binary/CDK.jpg,,,,
senate,e5x,Senator Helen Polley,Tasmania,Australian Labor Party,http://www.aph.gov.au/Senators_and_Members/Parliamentarian?MPID=e5x,http://www.aph.gov.au/Senators_and_Members/Contact_Senator_or_Member?MPID=e5x,http://parlinfo.aph.gov.au/parlInfo/download/handbook/allmps/E5X/upload_ref_binary/E5X.JPG,senator.polley@aph.gov.au,,,http://www.senatorhelenpolley.com.au/
senate,I0T,Senator Louise Pratt,Western Australia,Australian Labor Party,http://www.aph.gov.au/Senators_and_Members/Parliamentarian?MPID=I0T,http://www.aph.gov.au/Senators_and_Members/Contact_Senator_or_Member?MPID=I0T,http://parlinfo.aph.gov.au/parlInfo/download/handbook/allmps/I0T/upload_ref_binary/I0T.JPG,,,,
senate,CPR,Senator Lee Rhiannon,New South Wales,Australian Greens,http://www.aph.gov.au/Senators_and_Members/Parliamentarian?MPID=CPR,http://www.aph.gov.au/Senators_and_Members/Contact_Senator_or_Member?MPID=CPR,http://parlinfo.aph.gov.au/parlInfo/download/handbook/allmps/CPR/upload_ref_binary/cpr.jpg,senator.rhiannon@aph.gov.au,,,
senate,xt4,Senator the Hon Michael Ronaldson,Victoria,Liberal Party of Australia,http://www.aph.gov.au/Senators_and_Members/Parliamentarian?MPID=xt4,http://www.aph.gov.au/Senators_and_Members/Contact_Senator_or_Member?MPID=xt4,http://parlinfo.aph.gov.au/parlInfo/download/handbook/allmps/XT4/upload_ref_binary/XT4.JPG,,,,
senate,243273,Senator Anne Ruston,South Australia,Liberal Party of Australia,http://www.aph.gov.au/Senators_and_Members/Parliamentarian?MPID=243273,http://www.aph.gov.au/Senators_and_Members/Contact_Senator_or_Member?MPID=243273,http://parlinfo.aph.gov.au/parlInfo/download/handbook/allmps/243273/upload_ref_binary/243273.jpg,,,,
senate,I0Q,Senator the Hon Scott Ryan,Victoria,Liberal Party of Australia,http://www.aph.gov.au/Senators_and_Members/Parliamentarian?MPID=I0Q,http://www.aph.gov.au/Senators_and_Members/Contact_Senator_or_Member?MPID=I0Q,http://parlinfo.aph.gov.au/parlInfo/download/handbook/allmps/I0Q/upload_ref_binary/I0Q.JPG,,,,http://www.scottryan.com.au
senate,00AOM,Senator the Hon Nigel Scullion,Northern Territory,Country Liberal Party,http://www.aph.gov.au/Senators_and_Members/Parliamentarian?MPID=00AOM,http://www.aph.gov.au/Senators_and_Members/Contact_Senator_or_Member?MPID=00AOM,http://parlinfo.aph.gov.au/parlInfo/download/handbook/allmps/00AOM/upload_ref_binary/00AOM.JPG,senator.scullion@aph.gov.au,,,http://www.nigelscullion.com/
senate,HZE,Senator Zed Seselja,Australian Capital Territory,Liberal Party of Australia,http://www.aph.gov.au/Senators_and_Members/Parliamentarian?MPID=HZE,http://www.aph.gov.au/Senators_and_Members/Contact_Senator_or_Member?MPID=HZE,http://parlinfo.aph.gov.au/parlInfo/download/handbook/allmps/HZE/upload_ref_binary/HZE.jpg,,,,
senate,e5z,Senator Rachel Siewert,Western Australia,Australian Greens,http://www.aph.gov.au/Senators_and_Members/Parliamentarian?MPID=e5z,http://www.aph.gov.au/Senators_and_Members/Contact_Senator_or_Member?MPID=e5z,http://parlinfo.aph.gov.au/parlInfo/download/handbook/allmps/E5Z/upload_ref_binary/E5Z.JPG,senator.siewert@aph.gov.au,,,http://www.rachelsiewert.org.au/
senate,M0R,Senator the Hon Lisa Singh,Tasmania,Australian Labor Party,http://www.aph.gov.au/Senators_and_Members/Parliamentarian?MPID=M0R,http://www.aph.gov.au/Senators_and_Members/Contact_Senator_or_Member?MPID=M0R,http://parlinfo.aph.gov.au/parlInfo/download/handbook/allmps/m0r/upload_ref_binary/m0r.jpg,senator.singh@aph.gov.au,,,http://www.lisasingh.com.au/main/
senate,bv7,Senator the Hon Arthur Sinodinos AO,New South Wales,Liberal Party of Australia,http://www.aph.gov.au/Senators_and_Members/Parliamentarian?MPID=bv7,http://www.aph.gov.au/Senators_and_Members/Contact_Senator_or_Member?MPID=bv7,http://parlinfo.aph.gov.au/parlInfo/download/handbook/allmps/BV7/upload_ref_binary/bv7.jpg,senator.sinodinos@aph.gov.au,,,http://www.arthursinodinos.com.au/
senate,241710,Senator Dean Smith,Western Australia,Liberal Party of Australia,http://www.aph.gov.au/Senators_and_Members/Parliamentarian?MPID=241710,http://www.aph.gov.au/Senators_and_Members/Contact_Senator_or_Member?MPID=241710,http://parlinfo.aph.gov.au/parlInfo/download/handbook/allmps/241710/upload_ref_binary/241710.jpg,,,,http://www.deansmithwa.com.au/
senate,00AOS,Senator the Hon Ursula Stephens,New South Wales,Australian Labor Party,http://www.aph.gov.au/Senators_and_Members/Parliamentarian?MPID=00AOS,http://www.aph.gov.au/Senators_and_Members/Contact_Senator_or_Member?MPID=00AOS,http://parlinfo.aph.gov.au/parlInfo/download/handbook/allmps/00AOS/upload_ref_binary/00AOS.jpg,senator.stephens@aph.gov.au,,,http://www.ursulastephens.com/
senate,e68,Senator Glenn Sterle,Western Australia,Australian Labor Party,http://www.aph.gov.au/Senators_and_Members/Parliamentarian?MPID=e68,http://www.aph.gov.au/Senators_and_Members/Contact_Senator_or_Member?MPID=e68,http://parlinfo.aph.gov.au/parlInfo/download/handbook/allmps/E68/upload_ref_binary/E68.JPG,senator.sterle@aph.gov.au,,,
senate,183342,Senator the Hon Lin Thorp,Tasmania,Australian Labor Party,http://www.aph.gov.au/Senators_and_Members/Parliamentarian?MPID=183342,http://www.aph.gov.au/Senators_and_Members/Contact_Senator_or_Member?MPID=183342,http://parlinfo.aph.gov.au/parlInfo/download/handbook/allmps/183342/upload_ref_binary/183342.jpg,senator.thorp@aph.gov.au,,,
senate,249499,Senator Mehmet Tillem,Victoria,Australian Labor Party,http://www.aph.gov.au/Senators_and_Members/Parliamentarian?MPID=249499,http://www.aph.gov.au/Senators_and_Members/Contact_Senator_or_Member?MPID=249499,http://parlinfo.aph.gov.au/parlInfo/download/handbook/allmps/249499/upload_ref_binary/249499.jpg,,,,
senate,231199,Senator Anne Urquhart,Tasmania,Australian Labor Party,http://www.aph.gov.au/Senators_and_Members/Parliamentarian?MPID=231199,http://www.aph.gov.au/Senators_and_Members/Contact_Senator_or_Member?MPID=231199,http://parlinfo.aph.gov.au/parlInfo/download/handbook/allmps/231199/upload_ref_binary/231199.jpg,senator.urquhart@aph.gov.au,,,http://anneurquhart.com.au/
senate,192970,Senator Larissa Waters,Queensland,Australian Greens,http://www.aph.gov.au/Senators_and_Members/Parliamentarian?MPID=192970,http://www.aph.gov.au/Senators_and_Members/Contact_Senator_or_Member?MPID=192970,http://parlinfo.aph.gov.au/parlInfo/download/handbook/allmps/192970/upload_ref_binary/192970.jpg,senator.waters@aph.gov.au,,,
senate,195565,Senator Peter Whish-Wilson,Tasmania,Australian Greens,http://www.aph.gov.au/Senators_and_Members/Parliamentarian?MPID=195565,http://www.aph.gov.au/Senators_and_Members/Contact_Senator_or_Member?MPID=195565,http://parlinfo.aph.gov.au/parlInfo/download/handbook/allmps/195565/upload_ref_binary/195565.jpg,senator.whish-wilson@aph.gov.au,http://www.facebook.com/senator.peter.whish.wilson?fref=ts,https://twitter.com/SenatorSurfer,
senate,I0V,Senator John Williams,New South Wales,The Nationals,http://www.aph.gov.au/Senators_and_Members/Parliamentarian?MPID=I0V,http://www.aph.gov.au/Senators_and_Members/Contact_Senator_or_Member?MPID=I0V,http://parlinfo.aph.gov.au/parlInfo/download/handbook/allmps/I0V/upload_ref_binary/I0V.JPG,,,,http://www.johnwilliams.com.au/
senate,00AOU,Senator the Hon Penny Wong,South Australia,Australian Labor Party,http://www.aph.gov.au/Senators_and_Members/Parliamentarian?MPID=00AOU,http://www.aph.gov.au/Senators_and_Members/Contact_Senator_or_Member?MPID=00AOU,http://parlinfo.aph.gov.au/parlInfo/download/handbook/allmps/00AOU/upload_ref_binary/00AOU.jpg,,,,
senate,200287,Senator Penny Wright,South Australia,Australian Greens,http://www.aph.gov.au/Senators_and_Members/Parliamentarian?MPID=200287,http://www.aph.gov.au/Senators_and_Members/Contact_Senator_or_Member?MPID=200287,http://parlinfo.aph.gov.au/parlInfo/download/handbook/allmps/200287/upload_ref_binary/200287.jpg,senator.wright@aph.gov.au,http://www.facebook.com/SenatorPennyWright,http://www.twitter.com/pennywrites,
senate,8IV,Senator Nick Xenophon,South Australia,Independent,http://www.aph.gov.au/Senators_and_Members/Parliamentarian?MPID=8IV,http://www.aph.gov.au/Senators_and_Members/Contact_Senator_or_Member?MPID=8IV,http://parlinfo.aph.gov.au/parlInfo/download/handbook/allmps/8IV/upload_ref_binary/8IV.JPG,senator.xenophon@aph.gov.au,,,http://www.nickxenophon.com.au
representatives,EZ5,The Hon Tony Abbott MP,"Warringah, New South Wales",Liberal Party of Australia,http://www.aph.gov.au/Senators_and_Members/Parliamentarian?MPID=EZ5,http://www.aph.gov.au/Senators_and_Members/Contact_Senator_or_Member?MPID=EZ5,http://parlinfo.aph.gov.au/parlInfo/download/handbook/allmps/EZ5/upload_ref_binary/EZ5.JPG,,http://www.facebook.com/TonyAbbottMP,http://twitter.com/TonyAbbottMHR,http://www.tonyabbott.com.au
representatives,R36,The Hon Anthony Albanese MP,"Grayndler, New South Wales",Australian Labor Party,http://www.aph.gov.au/Senators_and_Members/Parliamentarian?MPID=R36,http://www.aph.gov.au/Senators_and_Members/Contact_Senator_or_Member?MPID=R36,http://parlinfo.aph.gov.au/parlInfo/download/handbook/allmps/R36/upload_ref_binary/R36.jpg,A.Albanese.MP@aph.gov.au,,http://twitter.com/AlboMP,http://www.anthonyalbanese.com.au
representatives,M3M,"Mr John Alexander OAM, MP","Bennelong, New South Wales",Liberal Party of Australia,http://www.aph.gov.au/Senators_and_Members/Parliamentarian?MPID=M3M,http://www.aph.gov.au/Senators_and_Members/Contact_Senator_or_Member?MPID=M3M,http://parlinfo.aph.gov.au/parlInfo/download/handbook/allmps/m3m/upload_ref_binary/m3m.jpg,,http://www.facebook.com/profile.php?id=100001834307725,http://twitter.com/JohnAlexanderMP,http://www.johnalexander.net.au/
representatives,230886,Mrs Karen Andrews MP,"McPherson, Queensland",Liberal Party of Australia,http://www.aph.gov.au/Senators_and_Members/Parliamentarian?MPID=230886,http://www.aph.gov.au/Senators_and_Members/Contact_Senator_or_Member?MPID=230886,http://parlinfo.aph.gov.au/parlInfo/download/handbook/allmps/230886/upload_ref_binary/230886.jpg,,http://www.facebook.com/pages/Karen-Andrews-MP/150255771679533?ref=ts,http://twitter.com/karenandrewsmp,http://karenandrewsmp.com
representatives,HK5,The Hon Kevin Andrews MP,"Menzies, Victoria",Liberal Party of Australia,http://www.aph.gov.au/Senators_and_Members/Parliamentarian?MPID=HK5,http://www.aph.gov.au/Senators_and_Members/Contact_Senator_or_Member?MPID=HK5,http://parlinfo.aph.gov.au/parlInfo/download/handbook/allmps/HK5/upload_ref_binary/HK5.jpg,menzies@aph.gov.au,http://www.facebook.com/kevinandrewsmp,http://twitter.com/kevinandrewsmp,http://www.kevinandrews.com.au
representatives,LL6,The Hon Bob Baldwin MP,"Paterson, New South Wales",Liberal Party of Australia,http://www.aph.gov.au/Senators_and_Members/Parliamentarian?MPID=LL6,http://www.aph.gov.au/Senators_and_Members/Contact_Senator_or_Member?MPID=LL6,http://parlinfo.aph.gov.au/parlInfo/download/handbook/allmps/LL6/upload_ref_binary/LL6.JPG,Bob.Baldwin.MP@aph.gov.au,http://en-gb.facebook.com/bobbaldwinmp,http://twitter.com/bobbaldwinmp,http://www.bobbaldwin.com.au/
representatives,M3C,Mr Adam Bandt MP,"Melbourne, Victoria",Australian Greens,http://www.aph.gov.au/Senators_and_Members/Parliamentarian?MPID=M3C,http://www.aph.gov.au/Senators_and_Members/Contact_Senator_or_Member?MPID=M3C,http://parlinfo.aph.gov.au/parlInfo/download/handbook/allmps/m3c/upload_ref_binary/m3c.jpg,adam.bandt.mp@aph.gov.au,http://www.facebook.com/Adam.Bandt.MP,http://twitter.com/adambandt,http://adam-bandt.greensmps.org.au/
representatives,1K6,The Hon Bruce Billson MP,"Dunkley, Victoria",Liberal Party of Australia,http://www.aph.gov.au/Senators_and_Members/Parliamentarian?MPID=1K6,http://www.aph.gov.au/Senators_and_Members/Contact_Senator_or_Member?MPID=1K6,http://parlinfo.aph.gov.au/parlInfo/download/handbook/allmps/1K6/upload_ref_binary/1K6.JPG,B.Billson.MP@aph.gov.au,http://www.facebook.com/profile.php?id=100001833476620,http://twitter.com/BruceBillsonMP,http://www.billson4dunkley.com/
representatives,DZP,The Hon Sharon Bird MP,"Cunningham, New South Wales",Australian Labor Party,http://www.aph.gov.au/Senators_and_Members/Parliamentarian?MPID=DZP,http://www.aph.gov.au/Senators_and_Members/Contact_Senator_or_Member?MPID=DZP,http://parlinfo.aph.gov.au/parlInfo/download/handbook/allmps/DZP/upload_ref_binary/DZP.jpg,Sharon.Bird.MP@aph.gov.au,http://www.facebook.com/sharon.bird.mp,http://twitter.com/SharonBirdMP,http://www.sharonbird.com.au/
representatives,SE4,The Hon Bronwyn Bishop MP,"Mackellar, New South Wales",Liberal Party of Australia,http://www.aph.gov.au/Senators_and_Members/Parliamentarian?MPID=SE4,http://www.aph.gov.au/Senators_and_Members/Contact_Senator_or_Member?MPID=SE4,http://parlinfo.aph.gov.au/parlInfo/download/handbook/allmps/SE4/upload_ref_binary/SE4.JPG,Bronwyn.Bishop.MP@aph.gov.au,,,
representatives,83P,The Hon Julie Bishop MP,"Curtin, Western Australia",Liberal Party of Australia,http://www.aph.gov.au/Senators_and_Members/Parliamentarian?MPID=83P,http://www.aph.gov.au/Senators_and_Members/Contact_Senator_or_Member?MPID=83P,http://parlinfo.aph.gov.au/parlInfo/download/handbook/allmps/83P/upload_ref_binary/83P.JPG,Julie.Bishop.MP@aph.gov.au,http://www.facebook.com/julie.bishop.mp,http://twitter.com/JulieBishopMP,http://www.juliebishop.com.au/
representatives,DZS,The Hon Chris Bowen MP,"McMahon, New South Wales",Australian Labor Party,http://www.aph.gov.au/Senators_and_Members/Parliamentarian?MPID=DZS,http://www.aph.gov.au/Senators_and_Members/Contact_Senator_or_Member?MPID=DZS,http://parlinfo.aph.gov.au/parlInfo/download/handbook/allmps/DZS/upload_ref_binary/DZS.JPG,Chris.Bowen.MP@aph.gov.au,http://www.facebook.com/chrisbowenmp,http://twitter.com/Bowenchris,http://www.chrisbowen.net
representatives,IYU,The Hon Jamie Briggs MP,"Mayo, South Australia",Liberal Party of Australia,http://www.aph.gov.au/Senators_and_Members/Parliamentarian?MPID=IYU,http://www.aph.gov.au/Senators_and_Members/Contact_Senator_or_Member?MPID=IYU,http://parlinfo.aph.gov.au/parlInfo/download/handbook/allmps/IYU/upload_ref_binary/IYU.JPG,,http://www.facebook.com/profile.php?id=1024460381,http://twitter.com/BriggsJamie,http://www.jamiebriggs.com.au
representatives,30379,Mr Andrew Broad MP,"Mallee, Victoria",The Nationals,http://www.aph.gov.au/Senators_and_Members/Parliamentarian?MPID=30379,http://www.aph.gov.au/Senators_and_Members/Contact_Senator_or_Member?MPID=30379,http://parlinfo.aph.gov.au/parlInfo/download/handbook/allmps/30379/upload_ref_binary/30379.jpg,,,https://twitter.com/broad4mallee,http://www.andrewbroad.com/
representatives,MT4,Mr Russell Broadbent MP,"McMillan, Victoria",Liberal Party of Australia,http://www.aph.gov.au/Senators_and_Members/Parliamentarian?MPID=MT4,http://www.aph.gov.au/Senators_and_Members/Contact_Senator_or_Member?MPID=MT4,http://parlinfo.aph.gov.au/parlInfo/download/handbook/allmps/MT4/upload_ref_binary/MT4.jpg,Russell.Broadbent.MP@aph.gov.au,,,http://www.russellbroadbent.com.au
representatives,30540,Ms Gai Brodtmann MP,"Canberra, Australian Capital Territory",Australian Labor Party,http://www.aph.gov.au/Senators_and_Members/Parliamentarian?MPID=30540,http://www.aph.gov.au/Senators_and_Members/Contact_Senator_or_Member?MPID=30540,http://parlinfo.aph.gov.au/parlInfo/download/handbook/allmps/30540/upload_ref_binary/30540.jpg,gai.brodtmann.mp@aph.gov.au,http://www.facebook.com/pages/Gai-Brodtmann/139691649380518,,http://www.gaibrodtmann.com.au
representatives,2K6,The Hon Mal Brough MP,"Fisher, Queensland",Liberal Party of Australia,http://www.aph.gov.au/Senators_and_Members/Parliamentarian?MPID=2K6,http://www.aph.gov.au/Senators_and_Members/Contact_Senator_or_Member?MPID=2K6,http://parlinfo.aph.gov.au/parlInfo/download/handbook/allmps/2K6/upload_ref_binary/2K6.jpg,,https://www.facebook.com/MalBrough4Fisher,,http://malbrough.info/
representatives,230531,Mr Scott Buchholz MP,"Wright, Queensland",Liberal Party of Australia,http://www.aph.gov.au/Senators_and_Members/Parliamentarian?MPID=230531,http://www.aph.gov.au/Senators_and_Members/Contact_Senator_or_Member?MPID=230531,http://parlinfo.aph.gov.au/parlInfo/download/handbook/allmps/230531/upload_ref_binary/230531.jpg,,http://www.facebook.com/ScottBuchholzMP,http://twitter.com/ScottBuchholzMP,http://www.scottbuchholz.com.au/
representatives,83S,Ms Anna Burke MP,"Chisholm, Victoria",Australian Labor Party,http://www.aph.gov.au/Senators_and_Members/Parliamentarian?MPID=83S,http://www.aph.gov.au/Senators_and_Members/Contact_Senator_or_Member?MPID=83S,http://parlinfo.aph.gov.au/parlInfo/download/handbook/allmps/83S/upload_ref_binary/83S.jpg,Anna.Burke.MP@aph.gov.au,http://www.facebook.com/pages/Anna-Burke-MP/184394935018499,,http://www.annaburke.com
representatives,DYW,The Hon Tony Burke MP,"Watson, New South Wales",Australian Labor Party,http://www.aph.gov.au/Senators_and_Members/Parliamentarian?MPID=DYW,http://www.aph.gov.au/Senators_and_Members/Contact_Senator_or_Member?MPID=DYW,http://parlinfo.aph.gov.au/parlInfo/download/handbook/allmps/DYW/upload_ref_binary/DYW.jpg,Tony.Burke.MP@aph.gov.au,http://www.facebook.com/tony.burke.mp,http://twitter.com/tony_burke,http://www.tonyburke.com.au/
representatives,HWK,The Hon Mark Butler MP,"Port Adelaide, South Australia",Australian Labor Party,http://www.aph.gov.au/Senators_and_Members/Parliamentarian?MPID=HWK,http://www.aph.gov.au/Senators_and_Members/Contact_Senator_or_Member?MPID=HWK,http://parlinfo.aph.gov.au/parlInfo/download/handbook/allmps/HWK/upload_ref_binary/HWK.jpg,,,http://twitter.com/Mark_Butler_MP,http://markbutler.alp.org.au/
representatives,248006,Ms Terri Butler MP,"Griffith, Queensland",Australian Labor Party,http://www.aph.gov.au/Senators_and_Members/Parliamentarian?MPID=248006,http://www.aph.gov.au/Senators_and_Members/Contact_Senator_or_Member?MPID=248006,http://parlinfo.aph.gov.au/parlInfo/download/handbook/allmps/248006/upload_ref_binary/248006.jpg,,,https://twitter.com/terrimbutler,
representatives,008K0,The Hon Anthony Byrne MP,"Holt, Victoria",Australian Labor Party,http://www.aph.gov.au/Senators_and_Members/Parliamentarian?MPID=008K0,http://www.aph.gov.au/Senators_and_Members/Contact_Senator_or_Member?MPID=008K0,http://parlinfo.aph.gov.au/parlInfo/download/handbook/allmps/008K0/upload_ref_binary/008K0.jpg,Anthony.Byrne.MP@aph.gov.au,http://www.facebook.com/anthonybyrne,http://twitter.com/AnthonyByrne_MP,http://www.anthonybyrnemp.com/
representatives,37998,Dr Jim Chalmers MP,"Rankin, Queensland",Australian Labor Party,http://www.aph.gov.au/Senators_and_Members/Parliamentarian?MPID=37998,http://www.aph.gov.au/Senators_and_Members/Contact_Senator_or_Member?MPID=37998,http://parlinfo.aph.gov.au/parlInfo/download/handbook/allmps/37998/upload_ref_binary/37998.jpg,,https://www.facebook.com/jim4rankin,https://twitter.com/JEChalmers,http://www.jimchalmers.org/
representatives,HW9,Mr Nick Champion MP,"Wakefield, South Australia",Australian Labor Party,http://www.aph.gov.au/Senators_and_Members/Parliamentarian?MPID=HW9,http://www.aph.gov.au/Senators_and_Members/Contact_Senator_or_Member?MPID=HW9,http://parlinfo.aph.gov.au/parlInfo/download/handbook/allmps/HW9/upload_ref_binary/HW9.jpg,Nick.Champion.MP@aph.gov.au,http://www.facebook.com/pages/Nick-Champion-MP/325495831575,http://twitter.com/NickChampionMP,
representatives,IPZ,The Hon Darren Chester MP,"Gippsland, Victoria",The Nationals,http://www.aph.gov.au/Senators_and_Members/Parliamentarian?MPID=IPZ,http://www.aph.gov.au/Senators_and_Members/Contact_Senator_or_Member?MPID=IPZ,http://parlinfo.aph.gov.au/parlInfo/download/handbook/allmps/IPZ/upload_ref_binary/IPZ.JPG,,https://www.facebook.com/darrenchestermp,https://twitter.com/DarrenChesterMP,http://www.darrenchester.com.au/
representatives,249710,Ms Lisa Chesters MP,"Bendigo, Victoria",Australian Labor Party,http://www.aph.gov.au/Senators_and_Members/Parliamentarian?MPID=249710,http://www.aph.gov.au/Senators_and_Members/Contact_Senator_or_Member?MPID=249710,http://parlinfo.aph.gov.au/parlInfo/download/handbook/allmps/249710/upload_ref_binary/249710.jpg,,https://www.facebook.com/LisaChestersBendigo,https://twitter.com/LMChesters,http://www.lisachesters.org/
representatives,230485,Mr George Christensen MP,"Dawson, Queensland",The Nationals,http://www.aph.gov.au/Senators_and_Members/Parliamentarian?MPID=230485,http://www.aph.gov.au/Senators_and_Members/Contact_Senator_or_Member?MPID=230485,http://parlinfo.aph.gov.au/parlInfo/download/handbook/allmps/230485/upload_ref_binary/230485.jpg,,https://www.facebook.com/georgechristensen78,http://twitter.com/GChristensenMP,http://www.georgechristensen.com.au/
representatives,00AN0,The Hon Steven Ciobo MP,"Moncrieff, Queensland",Liberal Party of Australia,http://www.aph.gov.au/Senators_and_Members/Parliamentarian?MPID=00AN0,http://www.aph.gov.au/Senators_and_Members/Contact_Senator_or_Member?MPID=00AN0,http://parlinfo.aph.gov.au/parlInfo/download/handbook/allmps/00AN0/upload_ref_binary/00AN0.JPG,,,http://twitter.com/steveciobo,http://www.stevenciobo.com/
representatives,HWL,The Hon Jason Clare MP,"Blaxland, New South Wales",Australian Labor Party,http://www.aph.gov.au/Senators_and_Members/Parliamentarian?MPID=HWL,http://www.aph.gov.au/Senators_and_Members/Contact_Senator_or_Member?MPID=HWL,http://parlinfo.aph.gov.au/parlInfo/download/handbook/allmps/HWL/upload_ref_binary/HWL.jpg,,,http://twitter.com/JasonClareMP,http://www.jasonclare.com.au
representatives,248181,Ms Sharon Claydon MP,"Newcastle, New South Wales",Australian Labor Party,http://www.aph.gov.au/Senators_and_Members/Parliamentarian?MPID=248181,http://www.aph.gov.au/Senators_and_Members/Contact_Senator_or_Member?MPID=248181,http://parlinfo.aph.gov.au/parlInfo/download/handbook/allmps/248181/upload_ref_binary/248181.jpg,,https://www.facebook.com/SharonClaydonforNewcastle,https://twitter.com/SharonClaydon,
representatives,00AN1,The Hon John Cobb MP,"Calare, New South Wales",The Nationals,http://www.aph.gov.au/Senators_and_Members/Parliamentarian?MPID=00AN1,http://www.aph.gov.au/Senators_and_Members/Contact_Senator_or_Member?MPID=00AN1,http://parlinfo.aph.gov.au/parlInfo/download/handbook/allmps/00AN1/upload_ref_binary/00AN1.JPG,John.Cobb.MP@aph.gov.au,,,http://www.johncobb.com.au/
representatives,241067,Mr David Coleman MP,"Banks, New South Wales",Liberal Party of Australia,http://www.aph.gov.au/Senators_and_Members/Parliamentarian?MPID=241067,http://www.aph.gov.au/Senators_and_Members/Contact_Senator_or_Member?MPID=241067,http://parlinfo.aph.gov.au/parlInfo/download/handbook/allmps/241067/upload_ref_binary/241067.jpg,,https://www.facebook.com/davidcoleman4banks,,http://www.davidcoleman.com.au/
representatives,HWM,The Hon Julie Collins MP,"Franklin, Tasmania",Australian Labor Party,http://www.aph.gov.au/Senators_and_Members/Parliamentarian?MPID=HWM,http://www.aph.gov.au/Senators_and_Members/Contact_Senator_or_Member?MPID=HWM,http://parlinfo.aph.gov.au/parlInfo/download/handbook/allmps/HWM/upload_ref_binary/HWM.JPG,,https://www.facebook.com/juliecollinsmp,https://twitter.com/JulieCollinsMP,http://www.juliecollins.com/
representatives,249127,Mr Pat Conroy MP,"Charlton, New South Wales",Australian Labor Party,http://www.aph.gov.au/Senators_and_Members/Parliamentarian?MPID=249127,http://www.aph.gov.au/Senators_and_Members/Contact_Senator_or_Member?MPID=249127,http://parlinfo.aph.gov.au/parlInfo/download/handbook/allmps/249127/upload_ref_binary/249127.jpg,,https://www.facebook.com/PatConroyLaborforCharlton,,
representatives,HWN,Mr Mark Coulton MP,"Parkes, New South Wales",The Nationals,http://www.aph.gov.au/Senators_and_Members/Parliamentarian?MPID=HWN,http://www.aph.gov.au/Senators_and_Members/Contact_Senator_or_Member?MPID=HWN,http://parlinfo.aph.gov.au/parlInfo/download/handbook/allmps/HWN/upload_ref_binary/HWN.JPG,Mark.Coulton.MP@aph.gov.au,http://www.facebook.com/people/Mark-Coulton/732382571,https://twitter.com/MarkCoultonMP,http://www.markcoulton.com.au
representatives,WF6,The Hon Michael Danby MP,"Melbourne Ports, Victoria",Australian Labor Party,http://www.aph.gov.au/Senators_and_Members/Parliamentarian?MPID=WF6,http://www.aph.gov.au/Senators_and_Members/Contact_Senator_or_Member?MPID=WF6,http://parlinfo.aph.gov.au/parlInfo/download/handbook/allmps/WF6/upload_ref_binary/WF6.jpg,Michael.Danby.MP@aph.gov.au,https://www.facebook.com/michael.danby.39,,http://www.danbymp.com/
representatives,HWG,"The Hon Mark Dreyfus QC, MP","Isaacs, Victoria",Australian Labor Party,http://www.aph.gov.au/Senators_and_Members/Parliamentarian?MPID=HWG,http://www.aph.gov.au/Senators_and_Members/Contact_Senator_or_Member?MPID=HWG,http://parlinfo.aph.gov.au/parlInfo/download/handbook/allmps/HWG/upload_ref_binary/HWG.JPG,,http://en-gb.facebook.com/mark.dreyfus,,http://www.markdreyfus.com
representatives,00AKI,The Hon Peter Dutton MP,"Dickson, Queensland",Liberal Party of Australia,http://www.aph.gov.au/Senators_and_Members/Parliamentarian?MPID=00AKI,http://www.aph.gov.au/Senators_and_Members/Contact_Senator_or_Member?MPID=00AKI,http://parlinfo.aph.gov.au/parlInfo/download/handbook/allmps/00AKI/upload_ref_binary/00AKI.JPG,Peter.Dutton.MP@aph.gov.au,http://www.facebook.com/peterduttonmp,http://twitter.com/PeterDutton_MP,HTTP://www.peterdutton.com.au
representatives,DZW,The Hon Justine Elliot MP,"Richmond, New South Wales",Australian Labor Party,http://www.aph.gov.au/Senators_and_Members/Parliamentarian?MPID=DZW,http://www.aph.gov.au/Senators_and_Members/Contact_Senator_or_Member?MPID=DZW,http://parlinfo.aph.gov.au/parlInfo/download/handbook/allmps/DZW/upload_ref_binary/DZW.jpg,Justine.Elliot.MP@aph.gov.au,,,
representatives,DZU,The Hon Kate Ellis MP,"Adelaide, South Australia",Australian Labor Party,http://www.aph.gov.au/Senators_and_Members/Parliamentarian?MPID=DZU,http://www.aph.gov.au/Senators_and_Members/Contact_Senator_or_Member?MPID=DZU,http://parlinfo.aph.gov.au/parlInfo/download/handbook/allmps/DZU/upload_ref_binary/DZU.jpg,Kate.Ellis.MP@aph.gov.au,http://www.facebook.com/pages/Kate-Ellis-MP/248221178548054,http://twitter.com/KateEllisMP,http://www.kateellis.com.au/index.cfm
representatives,7K6,The Hon Warren Entsch MP,"Leichhardt, Queensland",Liberal Party of Australia,http://www.aph.gov.au/Senators_and_Members/Parliamentarian?MPID=7K6,http://www.aph.gov.au/Senators_and_Members/Contact_Senator_or_Member?MPID=7K6,http://parlinfo.aph.gov.au/parlInfo/download/handbook/allmps/7K6/upload_ref_binary/7K6.jpg,,,,
representatives,I0O,Hon David Feeney MP,"Batman, Victoria",Australian Labor Party,http://www.aph.gov.au/Senators_and_Members/Parliamentarian?MPID=I0O,http://www.aph.gov.au/Senators_and_Members/Contact_Senator_or_Member?MPID=I0O,http://parlinfo.aph.gov.au/parlInfo/download/handbook/allmps/I0O/upload_ref_binary/I0O.JPG,,,https://twitter.com/Feeney4Batman,http://www.davidfeeney.com.au
representatives,8T4,Mr Laurie Ferguson MP,"Werriwa, New South Wales",Australian Labor Party,http://www.aph.gov.au/Senators_and_Members/Parliamentarian?MPID=8T4,http://www.aph.gov.au/Senators_and_Members/Contact_Senator_or_Member?MPID=8T4,http://parlinfo.aph.gov.au/parlInfo/download/handbook/allmps/8T4/upload_ref_binary/8T4.jpg,,https://www.facebook.com/LaurieFergusonMP,https://twitter.com/FergusonLMP,http://www.laurieferguson.com.au
representatives,8K6,The Hon Joel Fitzgibbon MP,"Hunter, New South Wales",Australian Labor Party,http://www.aph.gov.au/Senators_and_Members/Parliamentarian?MPID=8K6,http://www.aph.gov.au/Senators_and_Members/Contact_Senator_or_Member?MPID=8K6,http://parlinfo.aph.gov.au/parlInfo/download/handbook/allmps/8K6/upload_ref_binary/8K6.jpg,J.Fitzgibbon.MP@aph.gov.au,https://www.facebook.com/JoelFitzgibbonMP,http://twitter.com/fitzhunter,http://www.joelfitzgibbon.com/
representatives,L6B,The Hon Paul Fletcher MP,"Bradfield, New South Wales",Liberal Party of Australia,http://www.aph.gov.au/Senators_and_Members/Parliamentarian?MPID=L6B,http://www.aph.gov.au/Senators_and_Members/Contact_Senator_or_Member?MPID=L6B,http://parlinfo.aph.gov.au/parlInfo/download/handbook/allmps/L6B/upload_ref_binary/l6b.jpg,Paul.Fletcher.MP@aph.gov.au,http://www.facebook.com/pages/Paul-Fletcher/142496131402,http://twitter.com/paulwfletcher/,http://www.paulfletcher.com.au/
representatives,FKL,The Hon Josh Frydenberg MP,"Kooyong, Victoria",Liberal Party of Australia,http://www.aph.gov.au/Senators_and_Members/Parliamentarian?MPID=FKL,http://www.aph.gov.au/Senators_and_Members/Contact_Senator_or_Member?MPID=FKL,http://parlinfo.aph.gov.au/parlInfo/download/handbook/allmps/FKL/upload_ref_binary/FKL.jpg,,http://www.facebook.com/JoshFrydenbergMP,http://twitter.com/JoshFrydenberg,http://www.joshfrydenberg.com.au/
representatives,9K6,The Hon Teresa Gambaro MP,"Brisbane, Queensland",Liberal Party of Australia,http://www.aph.gov.au/Senators_and_Members/Parliamentarian?MPID=9K6,http://www.aph.gov.au/Senators_and_Members/Contact_Senator_or_Member?MPID=9K6,http://parlinfo.aph.gov.au/parlInfo/download/handbook/allmps/9K6/upload_ref_binary/9K6.jpg,,https://www.facebook.com/TeresaGambaroMP,http://twitter.com/TeresaGambaroMP,http://www.teresagambaro.com/
representatives,243609,Mr Andrew Giles MP,"Scullin, Victoria",Australian Labor Party,http://www.aph.gov.au/Senators_and_Members/Parliamentarian?MPID=243609,http://www.aph.gov.au/Senators_and_Members/Contact_Senator_or_Member?MPID=243609,http://parlinfo.aph.gov.au/parlInfo/download/handbook/allmps/243609/upload_ref_binary/243609.jpg,,https://www.facebook.com/AndrewGilesScullin,https://twitter.com/andrewjgiles,
representatives,72184,Dr David Gillespie MP,"Lyne, New South Wales",The Nationals,http://www.aph.gov.au/Senators_and_Members/Parliamentarian?MPID=72184,http://www.aph.gov.au/Senators_and_Members/Contact_Senator_or_Member?MPID=72184,http://parlinfo.aph.gov.au/parlInfo/download/handbook/allmps/72184/upload_ref_binary/72184.jpg,,https://www.facebook.com/DavidGillespieMP,https://twitter.com/DaveGillespieMP,http://www.davidgillespie.com.au/
representatives,74046,Mr Ian Goodenough MP,"Moore, Western Australia",Liberal Party of Australia,http://www.aph.gov.au/Senators_and_Members/Parliamentarian?MPID=74046,http://www.aph.gov.au/Senators_and_Members/Contact_Senator_or_Member?MPID=74046,http://parlinfo.aph.gov.au/parlInfo/download/handbook/allmps/74046/upload_ref_binary/74046.jpg,,,,http://www.wa.liberal.org.au/representative-intro/983
representatives,8W5,"The Hon Gary Gray AO, MP","Brand, Western Australia",Australian Labor Party,http://www.aph.gov.au/Senators_and_Members/Parliamentarian?MPID=8W5,http://www.aph.gov.au/Senators_and_Members/Contact_Senator_or_Member?MPID=8W5,http://parlinfo.aph.gov.au/parlInfo/download/handbook/allmps/8W5/upload_ref_binary/8W5.jpg,Gary.Gray.MP@aph.gov.au,https://www.facebook.com/garygraymp,,http://www.garygray.com.au/
representatives,VU5,The Hon Alan Griffin MP,"Bruce, Victoria",Australian Labor Party,http://www.aph.gov.au/Senators_and_Members/Parliamentarian?MPID=VU5,http://www.aph.gov.au/Senators_and_Members/Contact_Senator_or_Member?MPID=VU5,http://parlinfo.aph.gov.au/parlInfo/download/handbook/allmps/VU5/upload_ref_binary/VU5.jpg,Alan.Griffin.MP@aph.gov.au,https://www.facebook.com/griffin.alan,,http://www.griffinmp.com/
representatives,220370,Mrs Natasha Griggs MP,"Solomon, Northern Territory",Country Liberal Party,http://www.aph.gov.au/Senators_and_Members/Parliamentarian?MPID=220370,http://www.aph.gov.au/Senators_and_Members/Contact_Senator_or_Member?MPID=220370,http://parlinfo.aph.gov.au/parlInfo/download/handbook/allmps/220370/upload_ref_binary/220370.jpg,,http://www.facebook.com/natashagriggsmp,http://twitter.com/natashagriggsmp,http://www.natashagriggs.com.au/
representatives,83N,Ms Jill Hall MP,"Shortland, New South Wales",Australian Labor Party,http://www.aph.gov.au/Senators_and_Members/Parliamentarian?MPID=83N,http://www.aph.gov.au/Senators_and_Members/Contact_Senator_or_Member?MPID=83N,http://parlinfo.aph.gov.au/parlInfo/download/handbook/allmps/83N/upload_ref_binary/83N.jpg,Jill.Hall.MP@aph.gov.au,https://www.facebook.com/Jill.Hall.Shortland,https://twitter.com/JillHallMP,http://www.jillhall.com/home
representatives,00AMM,The Hon Luke Hartsuyker MP,"Cowper, New South Wales",The Nationals,http://www.aph.gov.au/Senators_and_Members/Parliamentarian?MPID=00AMM,http://www.aph.gov.au/Senators_and_Members/Contact_Senator_or_Member?MPID=00AMM,http://parlinfo.aph.gov.au/parlInfo/download/handbook/allmps/00AMM/upload_ref_binary/00AMM.JPG,Luke.Hartsuyker.MP@aph.gov.au,,,http://www.lukehartsuyker.com.au/
representatives,HWO,Mr Alex Hawke MP,"Mitchell, New South Wales",Liberal Party of Australia,http://www.aph.gov.au/Senators_and_Members/Parliamentarian?MPID=HWO,http://www.aph.gov.au/Senators_and_Members/Contact_Senator_or_Member?MPID=HWO,http://parlinfo.aph.gov.au/parlInfo/download/handbook/allmps/HWO/upload_ref_binary/HWO.jpg,,http://www.facebook.com/alex.hawke.mp,http://twitter.com/alexhawkemp,http://www.alexhawke.com.au/
representatives,ECV,Mr Chris Hayes MP,"Fowler, New South Wales",Australian Labor Party,http://www.aph.gov.au/Senators_and_Members/Parliamentarian?MPID=ECV,http://www.aph.gov.au/Senators_and_Members/Contact_Senator_or_Member?MPID=ECV,http://parlinfo.aph.gov.au/parlInfo/download/handbook/allmps/ECV/upload_ref_binary/ECV.JPG,Chris.Hayes.MP@aph.gov.au,,,http://www.chrishayesmp.com/
representatives,ZN4,Ms Sarah Henderson MP,"Corangamite, Victoria",Liberal Party of Australia,http://www.aph.gov.au/Senators_and_Members/Parliamentarian?MPID=ZN4,http://www.aph.gov.au/Senators_and_Members/Contact_Senator_or_Member?MPID=ZN4,http://parlinfo.aph.gov.au/parlInfo/download/handbook/allmps/ZN4/upload_ref_binary/ZN4.jpg,,https://www.facebook.com/SarahHendersonMP,https://twitter.com/SHendersonMP,http://sarahhenderson.com.au/
representatives,00BCM,Dr Peter Hendy MP,"Eden-Monaro, New South Wales",Liberal Party of Australia,http://www.aph.gov.au/Senators_and_Members/Parliamentarian?MPID=00BCM,http://www.aph.gov.au/Senators_and_Members/Contact_Senator_or_Member?MPID=00BCM,http://parlinfo.aph.gov.au/parlInfo/download/handbook/allmps/00BCM/upload_ref_binary/00BCM.jpg,,https://www.facebook.com/peterhendy4edenmonaro,,http://www.peterhendy.com.au/
representatives,DK6,The Hon Joe Hockey MP,"North Sydney, New South Wales",Liberal Party of Australia,http://www.aph.gov.au/Senators_and_Members/Parliamentarian?MPID=DK6,http://www.aph.gov.au/Senators_and_Members/Contact_Senator_or_Member?MPID=DK6,http://parlinfo.aph.gov.au/parlInfo/download/handbook/allmps/DK6/upload_ref_binary/DK6.JPG,J.Hockey.MP@aph.gov.au,http://www.facebook.com/joehockey,http://twitter.com/JoeHockey,http://www.joehockey.com
representatives,218019,Mr Kevin Hogan MP,"Page, New South Wales",The Nationals,http://www.aph.gov.au/Senators_and_Members/Parliamentarian?MPID=218019,http://www.aph.gov.au/Senators_and_Members/Contact_Senator_or_Member?MPID=218019,http://parlinfo.aph.gov.au/parlInfo/download/handbook/allmps/218019/upload_ref_binary/218019.jpg,,https://www.facebook.com/KevinHoganMP,https://twitter.com/KevinHoganMP,http://kevinhogan.com.au/
representatives,247742,Mr Luke Howarth MP,"Petrie, Queensland",Liberal Party of Australia,http://www.aph.gov.au/Senators_and_Members/Parliamentarian?MPID=247742,http://www.aph.gov.au/Senators_and_Members/Contact_Senator_or_Member?MPID=247742,http://parlinfo.aph.gov.au/parlInfo/download/handbook/allmps/247742/upload_ref_binary/247742.jpg,,https://www.facebook.com/LukeHowarthLNP,,
representatives,00AMV,The Hon Greg Hunt MP,"Flinders, Victoria",Liberal Party of Australia,http://www.aph.gov.au/Senators_and_Members/Parliamentarian?MPID=00AMV,http://www.aph.gov.au/Senators_and_Members/Contact_Senator_or_Member?MPID=00AMV,http://parlinfo.aph.gov.au/parlInfo/download/handbook/allmps/00AMV/upload_ref_binary/00AMV.JPG,Greg.Hunt.MP@aph.gov.au,http://www.facebook.com/greg.hunt.mp,http://www.twitter.com/greghuntmp,http://www.greghunt.com.au/
representatives,91219,The Hon Ed Husic MP,"Chifley, New South Wales",Australian Labor Party,http://www.aph.gov.au/Senators_and_Members/Parliamentarian?MPID=91219,http://www.aph.gov.au/Senators_and_Members/Contact_Senator_or_Member?MPID=91219,http://parlinfo.aph.gov.au/parlInfo/download/handbook/allmps/91219/upload_ref_binary/91219.jpg,,http://www.facebook.com/ehusic,http://twitter.com/edhusicmp,http://www.edhusic.com/
representatives,212585,Mr Eric Hutchinson MP,"Lyons, Tasmania",Liberal Party of Australia,http://www.aph.gov.au/Senators_and_Members/Parliamentarian?MPID=212585,http://www.aph.gov.au/Senators_and_Members/Contact_Senator_or_Member?MPID=212585,http://parlinfo.aph.gov.au/parlInfo/download/handbook/allmps/212585/upload_ref_binary/212585.jpg,,https://www.facebook.com/eric.hutchinson.9212,https://twitter.com/hutchinson_eric,http://www.erichutchinson.com.au
representatives,HYM,Mr Steve Irons MP,"Swan, Western Australia",Liberal Party of Australia,http://www.aph.gov.au/Senators_and_Members/Parliamentarian?MPID=HYM,http://www.aph.gov.au/Senators_and_Members/Contact_Senator_or_Member?MPID=HYM,http://parlinfo.aph.gov.au/parlInfo/download/handbook/allmps/HYM/upload_ref_binary/HYM.jpg,,https://www.facebook.com/pages/Steve-Irons-MP-Federal-Member-for-Swan/162172533830403,http://twitter.com/SteveIronsMP,http://www.steveirons.com.au/
representatives,DYN,Dr Dennis Jensen MP,"Tangney, Western Australia",Liberal Party of Australia,http://www.aph.gov.au/Senators_and_Members/Parliamentarian?MPID=DYN,http://www.aph.gov.au/Senators_and_Members/Contact_Senator_or_Member?MPID=DYN,http://parlinfo.aph.gov.au/parlInfo/download/handbook/allmps/DYN/upload_ref_binary/DYN.jpg,Dennis.Jensen.MP@aph.gov.au,http://www.facebook.com/dennisjensenmp,http://twitter.com/DennisJensenMP,http://www.dennisjensen.com.au/
representatives,96430,Mr Ewen Jones MP,"Herbert, Queensland",Liberal Party of Australia,http://www.aph.gov.au/Senators_and_Members/Parliamentarian?MPID=96430,http://www.aph.gov.au/Senators_and_Members/Contact_Senator_or_Member?MPID=96430,http://parlinfo.aph.gov.au/parlInfo/download/handbook/allmps/96430/upload_ref_binary/96430.jpg,,http://www.facebook.com/ewenjonesmp,http://twitter.com/EwenJonesMP,http://www.ewenjones.com.au/
representatives,A9B,Mr Stephen Jones MP,"Throsby, New South Wales",Australian Labor Party,http://www.aph.gov.au/Senators_and_Members/Parliamentarian?MPID=A9B,http://www.aph.gov.au/Senators_and_Members/Contact_Senator_or_Member?MPID=A9B,http://parlinfo.aph.gov.au/parlInfo/download/handbook/allmps/a9b/upload_ref_binary/a9b.jpg,,http://www.facebook.com/pages/Stephen-Jones-for-Throsby/324823886818,http://twitter.com/stephenjonesalp,http://www.stephenjones.org.au/
representatives,E5D,The Hon Barnaby Joyce MP,"New England, New South Wales",The Nationals,http://www.aph.gov.au/Senators_and_Members/Parliamentarian?MPID=E5D,http://www.aph.gov.au/Senators_and_Members/Contact_Senator_or_Member?MPID=E5D,http://parlinfo.aph.gov.au/parlInfo/download/handbook/allmps/E5D/upload_ref_binary/E5D.JPG,,https://www.facebook.com/BarnabyJoyceMP,https://twitter.com/Barnaby_Joyce,http://www.barnabyjoyce.com.au/
representatives,HX4,The Hon Bob Katter MP,"Kennedy, Queensland",Katter's Australian Party,http://www.aph.gov.au/Senators_and_Members/Parliamentarian?MPID=HX4,http://www.aph.gov.au/Senators_and_Members/Contact_Senator_or_Member?MPID=HX4,http://parlinfo.aph.gov.au/parlInfo/download/handbook/allmps/HX4/upload_ref_binary/HX4.jpg,Bob.Katter.MP@aph.gov.au,http://www.facebook.com/bobkattermp,http://twitter.com/RealBobKatter,http://www.bobkatter.com.au/
representatives,E0J,The Hon Michael Keenan MP,"Stirling, Western Australia",Liberal Party of Australia,http://www.aph.gov.au/Senators_and_Members/Parliamentarian?MPID=E0J,http://www.aph.gov.au/Senators_and_Members/Contact_Senator_or_Member?MPID=E0J,http://parlinfo.aph.gov.au/parlInfo/download/handbook/allmps/E0J/upload_ref_binary/E0J.JPG,,http://www.facebook.com/MichaelKeeenanMP,http://twitter.com/michaelkeenanmp,http://www.keenan.net.au
representatives,99931,Mr Craig Kelly MP,"Hughes, New South Wales",Liberal Party of Australia,http://www.aph.gov.au/Senators_and_Members/Parliamentarian?MPID=99931,http://www.aph.gov.au/Senators_and_Members/Contact_Senator_or_Member?MPID=99931,http://parlinfo.aph.gov.au/parlInfo/download/handbook/allmps/99931/upload_ref_binary/99931.jpg,,http://www.facebook.com/CraigKellyMP,http://twitter.com/CraigKellyMP,http://craigkelly.com.au/
representatives,00AMR,The Hon Catherine King MP,"Ballarat, Victoria",Australian Labor Party,http://www.aph.gov.au/Senators_and_Members/Parliamentarian?MPID=00AMR,http://www.aph.gov.au/Senators_and_Members/Contact_Senator_or_Member?MPID=00AMR,http://parlinfo.aph.gov.au/parlInfo/download/handbook/allmps/00AMR/upload_ref_binary/00AMR.JPG,Catherine.King.MP@aph.gov.au,http://www.facebook.com/CatherineKingMP,http://twitter.com/CatherineKingMP,http://www.catherineking.com.au/
representatives,E0H,Mr Andrew Laming MP,"Bowman, Queensland",Liberal Party of Australia,http://www.aph.gov.au/Senators_and_Members/Parliamentarian?MPID=E0H,http://www.aph.gov.au/Senators_and_Members/Contact_Senator_or_Member?MPID=E0H,http://parlinfo.aph.gov.au/parlInfo/download/handbook/allmps/E0H/upload_ref_binary/E0H.jpg,,http://www.facebook.com/profile.php?id=100000494042921,http://twitter.com/AndrewLamingMP,http://www.andrewlaming.com.au/
representatives,249764,Ms Michelle Landry MP,"Capricornia, Queensland",The Nationals,http://www.aph.gov.au/Senators_and_Members/Parliamentarian?MPID=249764,http://www.aph.gov.au/Senators_and_Members/Contact_Senator_or_Member?MPID=249764,http://parlinfo.aph.gov.au/parlInfo/download/handbook/allmps/249764/upload_ref_binary/249764.jpg,,https://www.facebook.com/Michelle4Capricornia,,
representatives,247130,Mr Craig Laundy MP,"Reid, New South Wales",Liberal Party of Australia,http://www.aph.gov.au/Senators_and_Members/Parliamentarian?MPID=247130,http://www.aph.gov.au/Senators_and_Members/Contact_Senator_or_Member?MPID=247130,http://parlinfo.aph.gov.au/parlInfo/download/handbook/allmps/247130/upload_ref_binary/247130.jpg,,https://www.facebook.com/CraigLaundyMP,,http://www.craiglaundy.com.au/
representatives,BU8,The Hon Dr Andrew Leigh MP,"Fraser, Australian Capital Territory",Australian Labor Party,http://www.aph.gov.au/Senators_and_Members/Parliamentarian?MPID=BU8,http://www.aph.gov.au/Senators_and_Members/Contact_Senator_or_Member?MPID=BU8,http://parlinfo.aph.gov.au/parlInfo/download/handbook/allmps/bu8/upload_ref_binary/bu8.jpg,andrew.leigh.mp@aph.gov.au,http://www.facebook.com/pages/Andrew-Leigh-MP/129819533748295,,http://www.andrewleigh.com/
representatives,00AMN,The Hon Sussan Ley MP,"Farrer, New South Wales",Liberal Party of Australia,http://www.aph.gov.au/Senators_and_Members/Parliamentarian?MPID=00AMN,http://www.aph.gov.au/Senators_and_Members/Contact_Senator_or_Member?MPID=00AMN,http://parlinfo.aph.gov.au/parlInfo/download/handbook/allmps/00AMN/upload_ref_binary/00AMN.JPG,Farrer@aph.gov.au,http://www.facebook.com/pages/Sussan-Ley-MP/198830586850988,http://twitter.com/sussanley,http://www.sussanley.com/
